Fuel Type Code,Station Name,Street Address,Intersection Directions,City,State,ZIP,Plus4,Station Phone,Status Code,Expected Date,Groups With Access Code,Access Days Time,Cards Accepted,EV Level1 EVSE Num,EV Level2 EVSE Num,EV DC Fast Count,EV Other Info,EV Network,EV Network Web,Geocode Status,Latitude,Longitude,Date Last Confirmed,ID,Updated At,Owner Type Code,Federal Agency ID,Federal Agency Name,Open Date,EV Connector Types
ELEC,3500 Dekalb Ave,3500 Dekalb Ave,,Bronx,NY,10467,,888-356-8911,E,,Public,24 hours daily,,,2.0,,,FLO,https://www.flo.com,GPS,40.882337,-73.880265,04/04/2026,201636,2026-04-04 05:27:28,,,,11/25/2021,J1772
ELEC,484 43rd St,484 43rd St,,Brooklyn,NY,11232,,888-356-8911,E,,Public,24 hours daily,,,2.0,,,FLO,https://www.flo.com,GPS,40.649116,-74.006479,04/04/2026,202164,2026-04-04 05:27:42,,,,12/08/2021,J1772
ELEC,4 W 21st St.,4 W 21st St.,,New York,NY,10010,,833-611-5965,E,,Public,24 hours daily,,,4.0,,,VIALYNK,https://www.lynkwell.com,GPS,40.74057,-73.99147,04/04/2026,223265,2026-04-04 06:08:45,,,,02/15/2022,J1772
ELEC,254 E 203 St,254 E 203 St,,Bronx,NY,10458,,888-998-2546,E,,Public,24 hours daily,,,1.0,,,Blink Network,https://blinkcharging.com,GPS,40.873291,-73.884626,04/04/2026,328784,2026-04-04 00:11:09,,,,02/19/2024,J1772
ELEC,Superior Realty Group,9602 4th Avenue,,Brooklyn,NY,11209,,888-998-2546,E,,Public,24 hours daily,,,4.0,,,Blink Network,https://blinkcharging.com,GPS,40.61518,-74.031985,04/04/2026,257758,2026-04-04 00:46:41,,,,08/01/2022,J1772
ELEC,Icon Parking 175 W 90th Street - Tesla Destination,175 W 90th St,,Manhattan,NY,10024,,877-798-3752,E,,Public,,,,4.0,,,Tesla Destination,https://www.tesla.com/destination-charging,200-8,40.790046,-73.972531,07/01/2024,150572,2025-02-12 00:16:32,P,,,03/31/2019,TESLA
ELEC,140 Charles St - Garage,140 Charles St,,New York,NY,10014,,813-492-5220,E,,Public,24 hours daily,A ANDROID_PAY APPLE_PAY D M V,,11.0,,,EVOKE,https://evokesystems.com,GPS,40.734018,-74.007895,09/12/2025,356925,2026-03-31 19:51:34,P,,,09/15/2022,J1772
ELEC,Excel Parking 87-10 Northern Blvd - Tesla Destination,87-10 Northern Blvd,,Jackson Heights,NY,11372,,877-798-3752,E,,Public,,,,4.0,,,Tesla Destination,https://www.tesla.com/destination-charging,200-9,40.755839,-73.880656,07/01/2024,122482,2025-02-12 00:16:32,P,,,01/17/2019,TESLA
ELEC,City Parking Garment One Garage - Tesla Destination,155 E 34th St,,New York,NY,10016,,877-798-3752,E,,Public,,,,3.0,,,Tesla Destination,https://www.tesla.com/destination-charging,200-9,40.746022,-73.978693,07/01/2024,115023,2025-02-12 00:16:32,P,,,06/16/2017,J1772 TESLA
ELEC,HAMPTON INN STATION 1,1120 South Ave,Side of Hampton Inn & Suites,Staten Island,NY,10314,,888-758-4389,E,,Public,24 hours daily,,,2.0,,,ChargePoint Network,https://www.chargepoint.com,GPS,40.612696,-74.179012,04/04/2026,168146,2026-04-04 02:21:21,,,,11/05/2020,J1772
ELEC,60 East 94th Street - Upper Floor,40 E 94th St,,New York,NY,10128,,813-492-5220,E,,Public,24 hours daily,A ANDROID_PAY APPLE_PAY D M V,,10.0,,,EVOKE,https://evokesystems.com,GPS,40.785615,-73.954764,09/12/2025,357019,2026-03-31 19:51:34,P,,,01/11/2024,J1772
ELEC,125 W 76th Street,125 W 76th Street,,New York,NY,10023,,888-356-8911,E,,Public,24 hours daily,,,2.0,,,FLO,https://www.flo.com,GPS,40.780398,-73.977729,04/04/2026,216618,2026-04-04 05:28:17,,,,05/06/2022,J1772
ELEC,Balfour Building - Balfour Garage,112-20 72nd Dr,,Queens,NY,11375,,813-492-5220,E,,Public,24 hours daily,A ANDROID_PAY APPLE_PAY D M V,,20.0,,,EVOKE,https://evokesystems.com,GPS,40.720087,-73.83711,09/12/2025,356905,2026-03-31 19:51:34,P,,,04/12/2023,J1772
ELEC,Quik Park 86th St. LLC - Tesla Destination,444 E 86th St,,New York,NY,10028,,877-798-3752,E,,Public,,,,3.0,,,Tesla Destination,https://www.tesla.com/destination-charging,200-8,40.775968,-73.947846,07/01/2024,115139,2025-02-12 00:16:32,P,,,11/20/2015,J1772 TESLA
ELEC,Gateway Center at Bronx Terminal Market,610 Exterior St,,Bronx,NY,10451,,888-998-2546,E,,Public,24 hours daily,,,2.0,,,Blink Network,https://blinkcharging.com,GPS,40.822142,-73.931128,04/04/2026,164227,2026-04-04 00:18:16,,,,07/15/2020,J1772
ELEC,Icon Parking 12 East 9th Street - Tesla Destination,12 E 9th St,,New York,NY,10003,,877-798-3752,E,,Public,,,,3.0,,,Tesla Destination,https://www.tesla.com/destination-charging,200-8,40.732519,-73.995135,07/01/2024,115005,2025-02-12 00:16:32,P,,,01/21/2016,J1772 TESLA
ELEC,5-19 Borden Ave - Garage,5-19 Borden Ave,,Long Island City,NY,11101,,813-492-5220,E,,Public,24 hours daily,A ANDROID_PAY APPLE_PAY D M V,,38.0,,,EVOKE,https://evokesystems.com,GPS,40.741944,-73.95585,09/12/2025,357051,2026-03-31 19:51:34,P,,,01/08/2023,J1772
ELEC,Champion Parking E 16th Street - Tesla Destination,101 E 16th St,,New York,NY,10003,,877-798-3752,E,,Public,,,,3.0,,,Tesla Destination,https://www.tesla.com/destination-charging,200-8,40.735736,-73.988745,07/01/2024,114991,2025-02-12 00:16:32,P,,,06/01/2015,J1772 TESLA
ELEC,Sylvan Kissena Garage LLC - Tesla Destination,43-70 Kissena Blvd,,Flushing,NY,11355,,877-798-3752,E,,Public,,,,4.0,,,Tesla Destination,https://www.tesla.com/destination-charging,200-9,40.753861,-73.823669,07/01/2024,122481,2025-02-12 00:16:32,P,,,11/30/2018,TESLA
ELEC,Knickerbocker Plaza Car Park - Lower Level,240 E 92nd St,,New York,NY,10128,,813-492-5220,E,,Public,24 hours daily,A ANDROID_PAY APPLE_PAY D M V,,10.0,,,EVOKE,https://evokesystems.com,GPS,40.781785,-73.949642,09/12/2025,356972,2026-03-31 19:51:34,P,,,05/07/2024,J1772
ELEC,GGMC Belltel Car Park - Tesla Destination,356 Bridge St,,Brooklyn,NY,11201,,877-798-3752,E,,Public,,,,3.0,,,Tesla Destination,https://www.tesla.com/destination-charging,200-8,40.692579,-73.985252,07/01/2024,114901,2025-02-12 00:16:32,P,,,03/21/2017,J1772 TESLA
ELEC,Quik Park Little West LLC - Tesla Destination,70 Little West St,,New York,NY,10280,,877-798-3752,E,,Public,,,,3.0,,,Tesla Destination,https://www.tesla.com/destination-charging,200-9,40.70663,-74.016916,07/01/2024,115179,2025-02-12 00:16:32,P,,,05/21/2015,J1772 TESLA
ELEC,1 WATERLINE STATION#5,10 Riverside Blvd,Waterline 1 garage,New York,NY,10069,,888-758-4389,E,,Public,24 hours daily,,,2.0,,,ChargePoint Network,https://www.chargepoint.com,GPS,40.772904,-73.992514,04/04/2026,207796,2026-04-04 02:45:51,,,,03/09/2022,J1772
ELEC,Icon Parking Sutton 53 - Tesla Destination,417 E 53rd St,,New York,NY,10022,,877-798-3752,E,,Public,,,,3.0,,,Tesla Destination,https://www.tesla.com/destination-charging,200-8,40.755363,-73.963841,07/01/2024,115128,2025-02-12 00:16:32,P,,,01/09/2018,J1772 TESLA
ELEC,444 W 19th St - Basement,444 W 19th St,,New York,NY,10011,,813-492-5220,E,,Public,24 hours daily,A ANDROID_PAY APPLE_PAY D M V,,6.0,,,EVOKE,https://evokesystems.com,GPS,40.744837,-74.004912,09/12/2025,357037,2026-03-31 19:51:34,P,,,11/30/2022,J1772
ELEC,Resorts World Parking Garage - 3rd Floor,110-00 Rockaway Blvd,,Queens,NY,11420,,813-492-5220,E,,Public,24 hours daily,A ANDROID_PAY APPLE_PAY D M V,,44.0,,,EVOKE,https://evokesystems.com,GPS,40.67374,-73.832676,09/12/2025,356901,2026-03-31 19:51:34,P,,,04/08/2024,J1772
ELEC,New Rochelle Series,2 Harrison st,,New Rochelle,NY,10802,,888-998-2546,E,,Public,24 hours daily,,,2.0,,,Blink Network,https://blinkcharging.com,GPS,40.912149,-73.778915,04/04/2026,422803,2026-04-04 00:43:42,,,,09/24/2025,J1772
ELEC,ARCHER GREEN MI STATION 2,92-23 168th St,,Jamaica,NY,11433,,888-758-4389,E,,Public,24 hours daily,,,1.0,,,ChargePoint Network,https://www.chargepoint.com,GPS,40.70524,-73.791466,04/04/2026,225480,2026-04-04 02:34:33,,,,08/13/2022,J1772
ELEC,iPark NYC Central Harlem Garage Corp. - Tesla Destination,49 W 116th St,,New York,NY,10026,,877-798-3752,E,,Public,,,,3.0,,,Tesla Destination,https://www.tesla.com/destination-charging,200-8,40.80155,-73.948499,07/01/2024,115141,2025-02-12 00:16:32,P,,,05/27/2016,J1772 TESLA
ELEC,ABM Parking 13 East 54th Street LLC - Tesla Destination,13-17 E 54th St,,New York,NY,10022,,877-798-3752,E,,Public,,,,2.0,,,Tesla Destination,https://www.tesla.com/destination-charging,200-8,40.760648,-73.974193,07/01/2024,115010,2025-02-12 00:16:32,P,,,02/10/2017,TESLA
ELEC,QT STATION 1,62-10 Northern Blvd,visitor parking,Woodside,NY,11377,,888-758-4389,E,,Public,24 hours daily,,,2.0,,,ChargePoint Network,https://www.chargepoint.com,GPS,40.753602,-73.899789,04/04/2026,224507,2026-04-04 02:56:22,,,,07/28/2022,J1772
ELEC,Parkit 200 West End Ave - Tesla Destination,200 West End Ave,,New York,NY,10023,,877-798-3752,E,,Public,,,,5.0,,,Tesla Destination,https://www.tesla.com/destination-charging,200-9,40.778221,-73.985072,07/01/2024,169014,2025-02-12 00:16:32,P,,,07/08/2015,J1772 TESLA
ELEC,73 Starr LLC - Parking Lot,73 Starr St,,Brooklyn,NY,11237,,813-492-5220,E,,Public,24 hours daily,A ANDROID_PAY APPLE_PAY D M V,,4.0,,,EVOKE,https://evokesystems.com,GPS,40.7019,-73.9266,09/12/2025,357093,2026-03-31 19:51:34,P,,,04/19/2022,J1772
ELEC,170 FREEMAN 11,170 Freeman Street,,Brooklyn,NY,11222,,888-758-4389,E,,Public,24 hours daily,,,1.0,,,ChargePoint Network,https://www.chargepoint.com,GPS,40.734354,-73.954664,04/04/2026,434738,2026-04-04 04:09:19,,,,10/24/2025,J1772
ELEC,iPark NYC 250 West Parking - Tesla Destination,250 W 19th St,,New York,NY,10011,,877-798-3752,E,,Public,,,,3.0,,,Tesla Destination,https://www.tesla.com/destination-charging,200-8,40.742407,-73.999351,07/01/2024,115068,2025-02-12 00:16:32,P,,,05/21/2015,J1772 TESLA
ELEC,364 St Marks Ave - Parking Lot,316 Saint Marks Ave,,Brooklyn,NY,11238,,813-492-5220,E,,Public,24 hours daily,A ANDROID_PAY APPLE_PAY D M V,,4.0,,,EVOKE,https://evokesystems.com,GPS,40.677317,-73.963266,09/12/2025,356994,2026-03-31 19:51:34,P,,,02/19/2023,J1772
ELEC,Icon Parking 70 Gold Street - Tesla Destination,80 Gold St,,New York,NY,10038,,877-798-3752,E,,Public,,,,3.0,,,Tesla Destination,https://www.tesla.com/destination-charging,200-9,40.710019,-74.004385,07/01/2024,115186,2025-02-12 00:16:32,P,,,02/28/2018,J1772 TESLA
ELEC,203 E 71st St.,203 E 71st St.,,New York,NY,10021,,833-611-5965,E,,Public,24 hours daily,,,4.0,,,VIALYNK,https://www.lynkwell.com,GPS,40.76894,-73.96047,04/04/2026,223298,2026-04-04 06:08:54,,,,05/17/2022,J1772
ELEC,PANYNJ LGA WEST 5,LGA West Garage LaGuardia Airport,,Flushing,NY,11371,,888-758-4389,E,,Public,24 hours daily,,,1.0,,,ChargePoint Network,https://www.chargepoint.com,GPS,40.772972,-73.875608,04/04/2026,180140,2026-04-04 01:39:10,,,,01/27/2021,J1772
ELEC,CENTERS HEALTHC EV-5,170 Buffalo Avenue,Lot 1,Brooklyn,NY,11213,,888-758-4389,E,,Public,24 hours daily,,,2.0,,,ChargePoint Network,https://www.chargepoint.com,GPS,40.673563,-73.926284,04/04/2026,328293,2026-04-04 03:31:36,,,,02/14/2024,J1772
ELEC,BELMONT PARK VI BPV SOUTH LOT,2601 Hempstead Turnpike,,Elmont,NY,11003,,888-758-4389,E,,Public,Mon: 12:00am-11:59pm; Tue: 12:00am-11:59pm; Wed: 12:00am-11:59pm; Thu: 12:00am-11:59pm; Fri: 12:00am-11:59pm; Sat: 12:00am-11:59pm; Sun: 12:00am-11:59pm,,,2.0,,,ChargePoint Network,https://www.chargepoint.com,GPS,40.704895,-73.72599,04/04/2026,386981,2026-04-04 03:56:28,,,,02/27/2025,J1772
ELEC,Astor Place,445 Lafayette St,,New York,NY,10003,,888-998-2546,E,,Public,24 hours daily,,,2.0,,,Blink Network,https://blinkcharging.com,GPS,40.7297,-73.991565,04/04/2026,124144,2026-04-04 00:36:52,,,,06/21/2019,J1772
ELEC,SMJ WOODHAVEN SMJ WOODHAVE 21,85-01 68th Road,,queens,NY,11374,,888-758-4389,E,,Public,24 hours daily,,,1.0,,,ChargePoint Network,https://www.chargepoint.com,GPS,40.715211,-73.859613,04/04/2026,453516,2026-04-04 04:22:13,,,,03/12/2026,J1772
ELEC,Paragon Acura,56-02 Northern Blvd,,Woodside,NY,11377,,888-998-2546,E,,Public,24 hours daily,,,,2.0,,Blink Network,https://blinkcharging.com,GPS,40.752944,-73.904616,04/04/2026,332545,2026-04-04 00:26:41,,,,04/15/2024,J1772COMBO
ELEC,171 E 84th St.,171 E 84th St.,,New York,NY,10028,,833-611-5965,E,,Public,24 hours daily,,,4.0,,,VIALYNK,https://www.lynkwell.com,GPS,40.77798,-73.95555,04/04/2026,233094,2026-04-04 06:09:44,,,,08/02/2022,J1772
ELEC,Jeffrey Gardens Public Access,47-14 217th St,,Bayside,NY,11361,,781-312-8846,E,,Public - Credit card at all times,24 hours daily,CREDIT,,1.0,,,AMPED_UP,https://www.ampedup.net,200-8,40.75717,-73.76397,10/11/2024,310515,2025-06-11 18:13:41,J,,,06/05/2023,J1772
ELEC,CLAREMONT GRG STATION 1,100 Claremont Ave,Garage Level 1,New York,NY,10027,,888-758-4389,E,,Public,24 hours daily,,,1.0,,,ChargePoint Network,https://www.chargepoint.com,GPS,40.811834,-73.962234,04/04/2026,384145,2026-04-04 03:56:22,,,,02/13/2025,J1772
ELEC,The Andover - Garage,1675 York Ave,,New York,NY,10128,,813-492-5220,E,,Public,24 hours daily,A ANDROID_PAY APPLE_PAY D M V,,20.0,,,EVOKE,https://evokesystems.com,GPS,40.777778,-73.946111,09/12/2025,356942,2026-03-31 19:51:34,P,,,03/06/2023,J1772
ELEC,G & M REALTY 2 STATION 1,22-44 Jackson Ave,Parking Garage,LIC,NY,11101,,888-758-4389,E,,Public,24 hours daily,,,2.0,,,ChargePoint Network,https://www.chargepoint.com,GPS,40.745393,-73.946234,04/04/2026,224248,2026-04-04 02:57:38,,,,07/22/2022,J1772
ELEC,The Ocean - 1 West St Garage,1 West St,,New York,NY,10004,,813-492-5220,E,,Public,24 hours daily,A ANDROID_PAY APPLE_PAY D M V,,20.0,,,EVOKE,https://evokesystems.com,GPS,40.705242,-74.016123,09/12/2025,356876,2026-03-31 19:51:34,P,,,09/29/2023,J1772
ELEC,Popeyes,3401 Mickle Ave,,Bronx,NY,10469,,888-356-8911,E,,Public,24 hours daily,,,6.0,,,FLO,https://www.flo.com,GPS,40.876952,-73.845534,04/04/2026,250759,2026-04-04 05:28:43,,,,01/14/2023,J1772
ELEC,GGMC Parking 350 W 43rd Street Garage - Tesla Destination,350 West 43rd St,,New York,NY,10036,,877-798-3752,E,,Public,,,,3.0,,,Tesla Destination,https://www.tesla.com/destination-charging,200-9,40.758586,-73.991341,07/01/2024,115109,2025-02-12 00:16:32,P,,,01/21/2016,J1772 TESLA
ELEC,ARCHER GREEN MI STATION 5,92-23 168th Pl,,Jamaica,NY,11433,,888-758-4389,E,,Public,24 hours daily,,,1.0,,,ChargePoint Network,https://www.chargepoint.com,GPS,40.70568,-73.791504,04/04/2026,225482,2026-04-04 02:34:34,,,,08/13/2022,J1772
ELEC,iPark NYC 2234 North 6th - Tesla Destination,34 North 6th St,,Brooklyn,NY,11249,,877-798-3752,E,,Public,,,,3.0,,,Tesla Destination,https://www.tesla.com/destination-charging,200-9,40.71949,-73.963312,07/01/2024,114898,2025-02-12 00:16:32,P,,,09/18/2015,J1772 TESLA
ELEC,Standard Parking 20 W 13th Street - Tesla Destination,20 W 13th St,,New York,NY,10011,,877-798-3752,E,,Public,,,,3.0,,,Tesla Destination,https://www.tesla.com/destination-charging,200-8,40.735706,-73.995058,07/01/2024,115037,2025-02-12 00:16:32,P,,,01/27/2017,J1772 TESLA
ELEC,Apple Parking 332 W 11th Street - Tesla Destination,332 W 11th St,,New York,NY,10014,,877-798-3752,E,,Public,,,,3.0,,,Tesla Destination,https://www.tesla.com/destination-charging,200-9,40.735597,-74.007693,07/01/2024,115100,2025-02-12 00:16:32,P,,,03/10/2017,TESLA
ELEC,Champion Parking 60 E 8th - Tesla Destination,60-68 E 8th St,,New York,NY,10003,,877-798-3752,E,,Public,,,,3.0,,,Tesla Destination,https://www.tesla.com/destination-charging,200-9,40.730487,-73.993569,07/01/2024,115172,2025-02-12 00:16:32,P,,,05/21/2015,J1772 TESLA
ELEC,W 75th Parking Garage - Tesla Supercharger,201 W 75th Street,,New York,NY,10023,,877-798-3752,E,,Public,24 hours daily. Please check Tesla's online station map to see if an adapter is required at this location.,,,,4.0,,Tesla,https://www.tesla.com/supercharger,200-8,40.780976,-73.980414,07/01/2024,102335,2025-05-06 21:07:47,P,,,07/23/2018,TESLA
ELEC,L&L HOLDING CO. STATION 3,425 Park Ave,,New York,NY,10022,,888-758-4389,E,,Public,24 hours daily,,,2.0,,,ChargePoint Network,https://www.chargepoint.com,GPS,40.760378,-73.971062,04/04/2026,333406,2026-04-04 01:41:40,,,,04/24/2024,J1772
ELEC,CLAREMONT GRG STATION 4,100 Claremont Avenue,Garage Level 2,New York,NY,10027,,888-758-4389,E,,Public,24 hours daily,,,1.0,,,ChargePoint Network,https://www.chargepoint.com,GPS,40.811638,-73.962233,04/04/2026,384789,2026-04-04 03:56:22,,,,02/22/2025,J1772
ELEC,532 W 122nd St,532 W 122nd St,,New York,NY,10027,,866-816-7584,E,,Public,24 hours daily,,,4.0,,,EV Connect,https://www.evconnect.com,GPS,40.811446,-73.960477,04/04/2026,168414,2026-04-04 05:05:44,,,,08/28/2020,J1772
ELEC,Revel - Bedford-Stuyvesant,467 Marcy Ave,,Brooklyn,NY,11206,,,E,,Public,24 hours daily,A D Debit M V,,,25.0,,REVEL,https://gorevel.com,200-8,40.69962,-73.94991,02/13/2026,358439,2026-02-13 16:34:38,P,,,10/08/2024,CHADEMO J1772COMBO TESLA
ELEC,PANYNJ LGA E GARAGE C1,East Garage E End Rd LaGuardia Airport,"LGA East garage, center section",New York,NY,11371,,888-758-4389,E,,Public,24 hours daily,,,2.0,,,ChargePoint Network,https://www.chargepoint.com,GPS,40.769506,-73.864979,04/04/2026,162407,2026-04-04 01:18:23,,,,06/12/2020,J1772
ELEC,iPark NYC The Carnegie Garage - Tesla Destination,200 E 94th St,,New York,NY,10128,,877-798-3752,E,,Public,,,,3.0,,,Tesla Destination,https://www.tesla.com/destination-charging,200-9,40.783536,-73.949507,07/01/2024,115043,2025-02-12 00:16:32,P,,,06/24/2015,J1772 TESLA
ELEC,iPark 200 E 70th Street - Tesla Destination,200 E 70th St,,New York,NY,10021,,877-798-3752,E,,Public,,,,3.0,,,Tesla Destination,https://www.tesla.com/destination-charging,200-8,40.768283,-73.961149,07/01/2024,115042,2025-02-12 00:16:32,P,,,12/09/2016,J1772 TESLA
ELEC,MPG 923 5th Ave - Tesla Destination,923 5th Ave,,New York,NY,10021,,877-798-3752,E,,Public,,,,3.0,,,Tesla Destination,https://www.tesla.com/destination-charging,200-9,40.773004,-73.966152,07/01/2024,115196,2025-02-12 00:16:32,P,,,06/13/2017,J1772 TESLA
ELEC,67-25 Clyde St - Parking Garage,6725 Clyde St,,Queens,NY,11375,,813-492-5220,E,,Public,24 hours daily,A ANDROID_PAY APPLE_PAY D M V,,29.0,,,EVOKE,https://evokesystems.com,GPS,40.722253,-73.855654,09/12/2025,421062,2026-03-31 19:51:34,P,,,08/30/2024,J1772
ELEC,PANYNJ LGATCGARAGE 5-4,Taxi Access Rd LaGuardia Airport,Level 5,Queens,NY,11371,,888-758-4389,E,,Public,24 hours daily,,,1.0,,,ChargePoint Network,https://www.chargepoint.com,GPS,40.76947,-73.865591,04/04/2026,331866,2026-04-04 03:35:11,,,,04/06/2024,J1772
ELEC,The Somerset - Garage,1365 York Ave,,New York,NY,10021,,813-492-5220,E,,Public,24 hours daily,A ANDROID_PAY APPLE_PAY D M V,,20.0,,,EVOKE,https://evokesystems.com,GPS,40.767348,-73.953832,09/12/2025,356922,2026-03-31 19:51:34,P,,,11/20/2022,J1772
ELEC,420 Gates - Garage,420 Gates Ave,,Brooklyn,NY,11216,,813-492-5220,E,,Public,24 hours daily,A ANDROID_PAY APPLE_PAY D M V,,7.0,,,EVOKE,https://evokesystems.com,GPS,40.6863,-73.9495,09/12/2025,357031,2026-03-31 19:51:34,P,,,02/26/2022,J1772
ELEC,PANYNJ LGATCGARAGE 5-1,LaGuardia Airport LaGuardia Airport,Level 5,Queens,NY,11371,,888-758-4389,E,,Public,24 hours daily,,,1.0,,,ChargePoint Network,https://www.chargepoint.com,GPS,40.769469,-73.865366,04/04/2026,331864,2026-04-04 03:35:08,,,,04/06/2024,J1772
ELEC,KOEPPEL HYUNDAI CPE250 2,34-54 44th street,,Queens,NY,11101,,888-758-4389,E,,Public,24 hours daily,,,,1.0,,ChargePoint Network,https://www.chargepoint.com,GPS,40.754044,-73.919245,04/04/2026,261699,2026-04-04 03:14:01,,,,06/01/2023,CHADEMO J1772COMBO
ELEC,10 Hudson Yards - Tesla Destination,10 Hudson Yards,,New York,NY,10001,,877-798-3752,E,,Public,,,,16.0,,,Tesla Destination,https://www.tesla.com/destination-charging,GPS,40.752656,-74.001074,07/01/2024,358813,2025-02-12 00:16:32,P,,,07/01/2024,J1772 TESLA
ELEC,115 Fort Washington Ave,115 Fort Washington Ave,,New York,NY,10032,,888-356-8911,E,,Public,24 hours daily,,,2.0,,,FLO,https://www.flo.com,GPS,40.839756,-73.943345,04/04/2026,200474,2026-04-04 05:27:21,,,,11/03/2021,J1772
ELEC,iPark Eleventh Avenue Garage Corp. - Tesla Destination,552 W 30th St,,New York,NY,10001,,877-798-3752,E,,Public,,,,3.0,,,Tesla Destination,https://www.tesla.com/destination-charging,200-8,40.753049,-74.003333,07/01/2024,115161,2025-02-12 00:16:32,P,,,02/09/2017,J1772 TESLA
ELEC,iPark NYC 455 Central Park West - Tesla Destination,27 West 105th St,,New York,NY,10025,,877-798-3752,E,,Public,,,,3.0,,,Tesla Destination,https://www.tesla.com/destination-charging,200-8,40.797771,-73.96142,07/01/2024,150521,2025-02-12 00:16:32,P,,,07/19/2016,J1772 TESLA
ELEC,C W TOYOTA SERVICE DEPT,3333 Boston Rd,,Williamsbridge,NY,10469,,888-758-4389,E,,Public,24 hours daily,,,1.0,,,ChargePoint Network,https://www.chargepoint.com,GPS,40.874265,-73.852887,04/04/2026,329611,2026-04-04 02:54:05,,,,03/01/2024,J1772
ELEC,SMJ WOODHAVEN SMJ WOODHAVEN 5,85-01 68th Road,,queens,NY,11374,,888-758-4389,E,,Public,24 hours daily,,,1.0,,,ChargePoint Network,https://www.chargepoint.com,GPS,40.71524,-73.859443,04/04/2026,454052,2026-04-04 04:22:19,,,,03/13/2026,J1772
ELEC,NYU NYU # 2,2 Washington Square Village,,New York,NY,10012,,888-758-4389,E,,Public,24 hours daily,,,2.0,,,ChargePoint Network,https://www.chargepoint.com,GPS,40.728283,-73.997251,04/04/2026,200987,2026-04-04 02:40:58,,,,11/11/2021,J1772
ELEC,CORP COMM 3 STATION 4 CC3,Teleport Dr/Corp Commons Bldg,"Parking Garage, 3rd Floor",Staten Island,NY,10314,,888-758-4389,E,,Public,24 hours daily,,,2.0,,,ChargePoint Network,https://www.chargepoint.com,GPS,40.60401,-74.179524,04/04/2026,252142,2026-04-04 02:21:59,,,,01/26/2023,J1772
ELEC,imPark 422 E 79th Street - Tesla Destination,422 E 79th St,,New York,NY,10075,,877-798-3752,E,,Public,,,,3.0,,,Tesla Destination,https://www.tesla.com/destination-charging,200-8,40.771879,-73.951627,07/01/2024,115132,2025-02-12 00:16:32,P,,,06/07/2017,J1772 TESLA
ELEC,MPG Parking 98-41 Queens Blvd - Tesla Destination,98-59 65th Rd,,Rego Park,NY,11374,,877-798-3752,E,,Public,,,,4.0,,,Tesla Destination,https://www.tesla.com/destination-charging,200-8,40.728618,-73.856054,07/01/2024,150577,2025-02-12 00:16:32,P,,,03/31/2019,TESLA
ELEC,540 WAVERLY 6,445 Grand Ave,,Brooklyn,NY,11238,,888-758-4389,E,,Public,24 hours daily,,,2.0,,,ChargePoint Network,https://www.chargepoint.com,GPS,40.682127,-73.961375,04/04/2026,389957,2026-04-04 03:29:26,,,,04/16/2025,J1772
ELEC,SKYVIEW APTS SKYVIEW ST1,5800 Arlington Ave,,Riverdale,NY,10471,,888-758-4389,E,,Public,24 hours daily,,,2.0,,,ChargePoint Network,https://www.chargepoint.com,GPS,40.90872,-73.905883,04/04/2026,171476,2026-04-04 02:27:08,,,,01/27/2021,J1772
ELEC,134 N 4th St,134 N 4th St,,Brooklyn,NY,11249,,888-356-8911,E,,Public,24 hours daily,,,4.0,,,FLO,https://www.flo.com,GPS,40.716441,-73.960043,04/04/2026,202931,2026-04-04 05:28:05,,,,12/22/2021,J1772
ELEC,391 Weirfield St,391 Weirfield St,,Brooklyn,NY,11237,,,E,,Public,24 hours daily,A ACCOUNT_BALANCE ANDROID_PAY APPLE_PAY CREDIT D M V,,6.0,,,Non-Networked,,200-8,40.69604,-73.90662,05/09/2024,333819,2025-02-12 00:16:32,P,,,06/12/2023,J1772
ELEC,PANYNJ JFK Y GARAGE 2,JFK Access Rd JFK International Airport,Level 1 by elevator,Queens,NY,11430,,888-758-4389,E,,Public,24 hours daily,,,2.0,,,ChargePoint Network,https://www.chargepoint.com,GPS,40.64572,-73.779384,04/04/2026,147469,2026-04-04 01:59:15,,,,11/02/2019,J1772
ELEC,Icon Parking 11 5th Ave - Tesla Destination,11 5th Ave,,New York,NY,10003,,877-798-3752,E,,Public,,,,3.0,,,Tesla Destination,https://www.tesla.com/destination-charging,200-8,40.732085,-73.995829,07/01/2024,114998,2025-02-12 00:16:32,P,,,01/21/2016,J1772 TESLA
ELEC,Port Washington John Daily Elementary School,36 Rockwood Ave,,Port Washington,NY,11050,,833-611-5965,E,,Public,24 hours daily,,,6.0,,,VIALYNK,https://www.lynkwell.com,GPS,40.84813,-73.69431,04/04/2026,445897,2026-04-04 06:12:10,,,,11/18/2025,J1772
ELEC,Bay Street Landing Home Owners Association (BSL HOA),30 Bay Street Landing,,Staten Island,NY,10301,,888-998-2546,E,,Public,24 hours daily,,,6.0,,,Blink Network,https://blinkcharging.com,GPS,40.638653,-74.074971,04/04/2026,355995,2026-04-04 00:33:51,,,,09/12/2024,J1772
ELEC,ProPark 110-45 Queens Blvd - Tesla Destination,110-45 Queens Blvd,,Forest Hills,NY,11375,,877-798-3752,E,,Public,,,,4.0,,,Tesla Destination,https://www.tesla.com/destination-charging,200-9,40.719885,-73.83857,07/01/2024,150614,2025-02-12 00:16:32,P,,,01/18/2019,TESLA
ELEC,NYC FLEET DPRWFMARNA_1_L3,1 Marina Road,,Queens,NY,11369,,888-758-4389,E,,Public,24 hours daily,,,,1.0,,ChargePoint Network,https://www.chargepoint.com,GPS,40.760611,-73.85697,04/04/2026,331871,2026-04-04 03:35:15,,,,04/06/2024,CHADEMO J1772COMBO
ELEC,Icon 299 Peal Street Seaport Parking - Tesla Destination,238 Pearl St,,New York,NY,10069,,877-798-3752,E,,Public,,,,3.0,,,Tesla Destination,https://www.tesla.com/destination-charging,200-8,40.707679,-74.004687,07/01/2024,115063,2025-02-12 00:16:32,P,,,06/30/2016,J1772 TESLA
ELEC,Park Kwik - 110 Livingston - Tesla Destination,110 Livingston St,,Brooklyn,NY,11201,,877-798-3752,E,,Public,,,,4.0,,,Tesla Destination,https://www.tesla.com/destination-charging,200-9,40.690987,-73.990131,07/01/2024,169008,2025-02-12 00:16:32,P,,,10/11/2019,J1772 TESLA
ELEC,The Shelton Condo - Garage,775 Lafayette Ave,,Brooklyn,NY,11221,,813-492-5220,E,,Public,24 hours daily,A ANDROID_PAY APPLE_PAY D M V,,20.0,,,EVOKE,https://evokesystems.com,GPS,40.6914,-73.9411,09/12/2025,357097,2026-03-31 19:51:34,P,,,04/19/2022,J1772
ELEC,Bridge Towers Location 1,111 Wadsworth Ave,,New York,NY,10033,,888-998-2546,E,,Public,Mon: 12:00am-12:00am; Tue: 12:00am-12:00am; Wed: 12:00am-12:00am; Thu: 12:00am-12:00am; Fri: 12:00am-12:00am; Sat: 12:00am-12:00am; Sun: 12:00am-12:00am,,,29.0,,,Blink Network,https://blinkcharging.com,GPS,40.605198,-74.064384,04/04/2026,218294,2026-04-04 00:55:41,,,,11/01/2021,J1772
ELEC,SMJ WOODHAVEN SMJ WOODHAVE 22,85-01 68th Road,,queens,NY,11374,,888-758-4389,E,,Public,24 hours daily,,,1.0,,,ChargePoint Network,https://www.chargepoint.com,GPS,40.715222,-73.859487,04/04/2026,454047,2026-04-04 04:22:13,,,,03/13/2026,J1772
ELEC,210 Central Park,210 Central Park South,,New York,NY,10019,,833-611-5965,E,,Public,24 hours daily,,,4.0,,,VIALYNK,https://www.lynkwell.com,GPS,40.767,-73.97989,04/04/2026,350373,2026-04-04 06:11:01,,,,07/11/2024,J1772
ELEC,"NYC Parking Kent-  444 Kent Avenue Brooklyn, NY 11211",444 Kent Avenue,,Brooklyn,NY,11211,,888-998-2546,E,,Public,24 hours daily,,,1.0,,,Blink Network,https://blinkcharging.com,GPS,40.709168,-73.968491,04/04/2026,193979,2026-04-04 00:10:39,,,,08/17/2021,J1772
ELEC,BELMONT PARK VI BPV ST. 7,2375 Hempstead Turnpike,,Elmont,NY,11003,,888-758-4389,E,,Public,Mon: 8:00am-11:59pm; Tue: 8:00am-11:59pm; Wed: 8:00am-11:59pm; Thu: 8:00am-11:59pm; Fri: 8:00am-11:59pm; Sat: 8:00am-11:59pm; Sun: 8:00am-11:59pm,,,2.0,,,ChargePoint Network,https://www.chargepoint.com,GPS,40.709509,-73.72509,04/04/2026,386977,2026-04-04 03:56:26,,,,02/27/2025,J1772
ELEC,Icon Parking 279 East 65th Street - Tesla Destination,279 E 65th St,,New York,NY,10065,,877-798-3752,E,,Public,,,,3.0,,,Tesla Destination,https://www.tesla.com/destination-charging,200-8,40.764552,-73.962034,07/01/2024,115077,2025-02-12 00:16:32,P,,,02/28/2018,J1772 TESLA
ELEC,COM1-1 COM1-2,365 W 25th St,Back parking,New York,NY,10001,,888-758-4389,E,,Public,24 hours daily,,,,1.0,,ChargePoint Network,https://www.chargepoint.com,GPS,40.747434,-74.000085,04/04/2026,313672,2026-04-04 02:54:00,,,,10/14/2023,CHADEMO J1772COMBO
ELEC,Mt Sinai Gustave Levy Pl - Garage,1425 Madison Ave,,New York,NY,10029,,813-492-5220,E,,Public,24 hours daily,A ANDROID_PAY APPLE_PAY D M V,,30.0,,,EVOKE,https://evokesystems.com,GPS,40.7901,-73.9537,09/12/2025,356928,2026-03-31 19:51:34,P,,,09/07/2021,J1772
ELEC,Peninsula Shopping Center,1368 Peninsula Blvd,,Hewlett,NY,11557,,877-798-3752,E,,Public,24 hours daily,A D Debit M V,,,12.0,,Tesla,https://www.tesla.com/supercharger,GPS,40.6454,-73.70439,12/10/2024,368026,2025-05-06 21:07:47,P,,,11/12/2024,TESLA
ELEC,Supercharge Queens,57-77 Rust Street,,Queens,NY,11378,,800-636-0986,E,,Public,,,,,2.0,,CHARGELAB,https://chargelab.co,GPS,40.721239,-73.912563,04/04/2026,360108,2026-04-04 07:09:02,,,,10/17/2024,J1772COMBO
ELEC,3474 Putnam Place,3474 Putnam Place,,Bronx,NY,10467,,888-356-8911,E,,Public,24 hours daily,,,2.0,,,FLO,https://www.flo.com,GPS,40.879413,-73.875485,04/04/2026,191506,2026-04-04 05:27:41,,,,06/25/2021,J1772
ELEC,Port Washington High School Admin Parking Lot,100 Campus Dr,,Port Washington,NY,11050,,833-611-5965,E,,Public,24 hours daily,,,6.0,,,VIALYNK,https://www.lynkwell.com,GPS,40.82973,-73.68076,04/04/2026,441019,2026-04-04 06:12:09,,,,11/13/2025,J1772
ELEC,GGMC Parking 8 E 33rd St Garage - Tesla Destination,325 East 5th Ave,,New York,NY,10016,,877-798-3752,E,,Public,,,,3.0,,,Tesla Destination,https://www.tesla.com/destination-charging,200-9,40.747478,-73.98504,07/01/2024,115096,2025-02-12 00:16:32,P,,,01/21/2016,J1772 TESLA
ELEC,PLAYHOUSE APTS CHARGER #1,102 Middle Neck Road,,Great Neck,NY,11021,,888-758-4389,E,,Public,24 hours daily,,,1.0,,,ChargePoint Network,https://www.chargepoint.com,GPS,40.78961,-73.730346,04/04/2026,391712,2026-04-04 04:00:16,,,,05/03/2025,J1772
ELEC,C W HYUNDAI CWHUB2,3329 Boston Rd,Charging Hub lot,The Bronx,NY,10469,,888-758-4389,E,,Public,24 hours daily,,,,1.0,,ChargePoint Network,https://www.chargepoint.com,GPS,40.874273,-73.853069,04/04/2026,439791,2026-04-04 04:14:40,,,,11/06/2025,CHADEMO J1772COMBO
ELEC,Acura Service Chargers,700 West Merrick Road,,Valley Stream,NY,11580,,888-493-3638,E,,Public,,,,,4.0,,ZEFNET,https://www.zefenergy.com,GPS,40.67184,-73.72199,04/04/2026,341924,2026-04-04 06:06:03,,,,05/09/2024,J1772COMBO
ELEC,449 East 49th Street,449 East 49th Street,,New York,NY,10022,,833-611-5965,E,,Public,24 hours daily,,,6.0,,,VIALYNK,https://www.lynkwell.com,GPS,40.75267,-73.96482,04/04/2026,223258,2026-04-04 06:10:10,,,,02/08/2022,J1772
ELEC,City Parking Linc Garage - Tesla Destination,62 Northside Piers,,Brooklyn,NY,11249,,877-798-3752,E,,Public,,,,3.0,,,Tesla Destination,https://www.tesla.com/destination-charging,200-8,40.719425,-73.963964,07/01/2024,114909,2025-02-12 00:16:32,P,,,06/16/2017,J1772 TESLA
ELEC,Rapidpark 204 W 101st Street - Tesla Destination,204 W 101st St,,New York,NY,10025,,877-798-3752,E,,Public,,,,3.0,,,Tesla Destination,https://www.tesla.com/destination-charging,200-9,40.797359,-73.968718,07/01/2024,115047,2025-02-12 00:16:32,P,,,08/17/2017,J1772 TESLA
ELEC,Manhattan Beer Distributors,955 9E 149th St,,Bronx,NY,10455,,949-945-2000,E,,Public,24 hours daily,,,6.0,,,EVGATEWAY,https://evgateway.com,GPS,40.807751,-73.901264,04/04/2026,334018,2026-04-04 06:22:51,,,,12/07/2021,J1772
ELEC,Mt Sinai Queens - Garage,23-11 30th Rd,,Astoria,NY,11102,,813-492-5220,E,,Public,24 hours daily,A ANDROID_PAY APPLE_PAY D M V,,4.0,,,EVOKE,https://evokesystems.com,GPS,40.768523,-73.926527,09/12/2025,356967,2026-03-31 19:51:34,P,,,06/13/2022,J1772
ELEC,Mt. Vernon Lot #3 - 2-Authorized Vehicles Only,45 South 1st Avenue,,Mount Vernon,NY,10550,,888-356-8911,E,,Public,24 hours daily,,,14.0,,,FLO,https://www.flo.com,GPS,40.910435,-73.832996,04/04/2026,456308,2026-04-04 05:31:42,,,,03/24/2026,J1772
ELEC,101 E 78th St,101 E 78th St,,New York,NY,10075,,888-356-8911,E,,Public,24 hours daily,,,2.0,,,FLO,https://www.flo.com,GPS,40.774878,-73.960671,04/04/2026,194170,2026-04-04 05:28:23,,,,08/21/2021,J1772
ELEC,IKEA USA BROOKLYN 1,1 Beard St,,Red Hook,NY,11231,,888-758-4389,E,,Public,24 hours daily,,,1.0,,,ChargePoint Network,https://www.chargepoint.com,GPS,40.671397,-74.011643,04/04/2026,252884,2026-04-04 02:49:45,,,,02/01/2023,J1772
ELEC,824 Lexington Avenue,824 Lexington Ave,,New York,NY,11211,,888-385-6671,E,,Public - Credit card at all times,24 hours daily,A ACCOUNT_BALANCE ANDROID_PAY APPLE_PAY D M V,,4.0,,,LOOP,https://loopglobal.com,GPS,40.69045,-73.92594,03/12/2026,399682,2026-03-12 20:29:51,P,,,05/18/2022,J1772
ELEC,169 West 95th St - Tesla Destination,169 W 95th St,,New York,NY,10025,,877-798-3752,E,,Public,,,,2.0,,,Tesla Destination,https://www.tesla.com/destination-charging,200-9,40.793234,-73.970236,07/01/2024,115030,2025-02-12 00:16:32,P,,,04/30/2016,J1772 TESLA
ELEC,Standard Parking 58 W 58th Street - Tesla Destination,58 W 58th St,,New York,NY,10019,,877-798-3752,E,,Public,,,,3.0,,,Tesla Destination,https://www.tesla.com/destination-charging,200-9,40.76476,-73.976153,07/01/2024,115165,2025-02-12 00:16:32,P,,,03/10/2017,J1772 TESLA
ELEC,CORP COMM 3 STATION 7 CC3,Teleport Dr/Corp Commons Bldg,"Parking garage, 2nd Floor",Staten Island,NY,10314,,888-758-4389,E,,Public,24 hours daily,,,2.0,,,ChargePoint Network,https://www.chargepoint.com,GPS,40.604252,-74.179682,04/04/2026,252138,2026-04-04 02:21:57,,,,01/26/2023,J1772
ELEC,Queens Center - Tesla Supercharger,90-15 Queens Boulevard,,Queens,NY,11373,,877-798-3752,E,,Public,24 hours daily. Please check Tesla's online station map to see if an adapter is required at this location.,,,,10.0,,Tesla,https://www.tesla.com/supercharger,GPS,40.735082,-73.87067,07/01/2024,116809,2025-05-06 21:07:47,P,,,12/01/2018,TESLA
ELEC,ImPark 500 4th Ave - Tesla Destination,212 12th St,,Brooklyn,NY,11215,,877-798-3752,E,,Public,,,,4.0,,,Tesla Destination,https://www.tesla.com/destination-charging,200-8,40.66852,-73.990489,07/01/2024,122471,2025-02-12 00:16:32,P,,,12/19/2018,TESLA
ELEC,Bruno's Bakery and Restaurant Hylan Blvd - Tesla Destination,1650 Hylan Blvd,,Staten Island,NY,10305,,877-798-3752,E,,Public,,,,2.0,,,Tesla Destination,https://www.tesla.com/destination-charging,200-9,40.588091,-74.089936,07/01/2024,150697,2025-02-12 00:16:32,P,,,08/28/2019,TESLA
ELEC,506 W 181 St Garage-PARK-it - Tesla Destination,506 W 181 St,,Manhattan,NY,10033,,877-798-3752,E,,Public,,,,4.0,,,Tesla Destination,https://www.tesla.com/destination-charging,200-9,40.848358,-73.931743,07/01/2024,150535,2025-02-12 00:16:32,P,,,08/28/2019,TESLA
ELEC,Quik Park 1133 Garage LLC - Tesla Destination,1133 6th Ave,,New York,NY,10036,,877-798-3752,E,,Public,,,,3.0,,,Tesla Destination,https://www.tesla.com/destination-charging,200-9,40.755856,-73.984313,07/01/2024,115002,2025-02-12 00:16:32,P,,,05/21/2015,J1772 TESLA
ELEC,iPark NYC 75 Wall Street - Tesla Destination,75 Wall St,,New York,NY,10005,,877-798-3752,E,,Public,,,,3.0,,,Tesla Destination,https://www.tesla.com/destination-charging,GPS,40.704776,-74.008276,07/01/2024,250845,2025-02-12 00:16:32,P,,,06/24/2015,J1772 TESLA
ELEC,1065 Elton St,1065 Elton St,,Brooklyn,NY,11239,,888-356-8911,E,,Public,24 hours daily,,,4.0,,,FLO,https://www.flo.com,GPS,40.657441,-73.874619,04/04/2026,196329,2026-04-04 05:28:07,,,,09/24/2021,J1772
ELEC,532 Neptune Avenue,532 Neptune Ave,,Brooklyn,NY,11224,,917-274-7217,E,,Public,24 hours daily,,,6.0,,,EVIUM,https://www.eviumcharging.com,GPS,40.578866,-73.972561,04/04/2026,376451,2026-04-04 06:21:38,,,,01/28/2025,J1772
ELEC,210 W 76th St.,210 W 76th St.,,New York,NY,10023,,833-611-5965,E,,Public,24 hours daily,,,4.0,,,VIALYNK,https://www.lynkwell.com,GPS,40.78126,-73.98044,04/04/2026,223266,2026-04-04 06:09:47,,,,03/18/2022,J1772
ELEC,COM1-1 COM1-1,365 W 25th St,Back parking,New York,NY,10001,,888-758-4389,E,,Public,24 hours daily,,,,1.0,,ChargePoint Network,https://www.chargepoint.com,GPS,40.747486,-74.000069,04/04/2026,313682,2026-04-04 03:22:16,,,,10/14/2023,CHADEMO J1772COMBO
ELEC,NYC FLEET DCASCSTHSE_3_L3,6626 Metropolitan Ave,,Middle Village,NY,11379,,888-758-4389,E,,Public,24 hours daily,,,,1.0,,ChargePoint Network,https://www.chargepoint.com,GPS,40.711273,-73.89222,04/04/2026,196565,2026-04-04 02:16:56,,,,10/01/2021,CHADEMO J1772COMBO
ELEC,Icon Parking OMNI - Tesla Destination,143-159 W 68th St,,New York,NY,10023,,877-798-3752,E,,Public,,,,3.0,,,Tesla Destination,https://www.tesla.com/destination-charging,200-8,40.77592,-73.98313,07/01/2024,115015,2025-02-12 00:16:32,P,,,10/17/2018,J1772 TESLA
ELEC,Riverdale Fast Parking,5604 Broadway,,Bronx,NY,10463,,833-692-6787,E,,Public - Credit card at all times,Contact station for hours of availability.,A ANDROID_PAY APPLE_PAY CREDIT D M,,8.0,,,AMPUP,https://ampup.io,200-9,40.879501,-73.903603,10/11/2022,230188,2023-02-14 15:54:11,P,,,09/15/2022,J1772
ELEC,CITYLIGHTS 5TH FLOOR 2,4-74 48th Ave,Garage Level 5,Queens,NY,11109,,888-758-4389,E,,Public,24 hours daily,,,2.0,,,ChargePoint Network,https://www.chargepoint.com,GPS,40.744152,-73.956666,04/04/2026,310611,2026-04-04 03:22:35,,,,09/14/2023,J1772
ELEC,iPark NYC 400 E 35th NYU - Tesla Destination,400 E 35th St,,New York,NY,10016,,877-798-3752,E,,Public,,,,3.0,,,Tesla Destination,https://www.tesla.com/destination-charging,200-8,40.743971,-73.971882,07/01/2024,115120,2025-02-12 00:16:32,P,,,10/07/2015,J1772 TESLA
ELEC,IMPark 188 E 78th St - Tesla Destination,188 E 78th St,,Manhattan,NY,10075,,877-798-3752,E,,Public,,,,2.0,,,Tesla Destination,https://www.tesla.com/destination-charging,200-9,40.773665,-73.958333,07/01/2024,150580,2025-02-12 00:16:32,P,,,03/31/2019,TESLA
ELEC,CORP COMM 3 STATION 5 CC3,Teleport Dr/Corp Commons Bldg,"Parking garage, 3rd Floor",Staten Island,NY,10314,,888-758-4389,E,,Public,24 hours daily,,,2.0,,,ChargePoint Network,https://www.chargepoint.com,GPS,40.604322,-74.179683,04/04/2026,252143,2026-04-04 02:21:59,,,,01/26/2023,J1772
ELEC,Rapid Park - 205 W 101st 1st Floor,205 W 101st Street,,New York,NY,10025,,833-611-5965,E,,Public,24 hours daily,,,4.0,,,VIALYNK,https://www.lynkwell.com,GPS,40.79766,-73.96838,04/04/2026,334488,2026-04-04 06:09:22,,,,05/02/2024,J1772
ELEC,St Tropez Building - Garage,340 E 64th St,,New York,NY,10065,,813-492-5220,E,,Public,24 hours daily,A ANDROID_PAY APPLE_PAY D M V,,10.0,,,EVOKE,https://evokesystems.com,GPS,40.763015,-73.960127,09/12/2025,357008,2026-03-31 19:51:34,P,,,12/19/2021,J1772
ELEC,"Green Acres Mall (Valley Stream, NY)",2034 Green Acres Mall,,Valley Stream,NY,11581,,833-632-2778,E,,Public,24 hours daily,,,1.0,4.0,,Electrify America,https://www.electrifyamerica.com,GPS,40.662,-73.72316,04/04/2026,152450,2026-04-04 04:51:44,,,,01/15/2020,J1772 J1772COMBO
ELEC,SMJ WOODHAVEN SMJ WOODHAVEN 6,85-01 68th Road,,queens,NY,11374,,888-758-4389,E,,Public,24 hours daily,,,1.0,,,ChargePoint Network,https://www.chargepoint.com,GPS,40.715286,-73.859372,04/04/2026,454051,2026-04-04 04:22:18,,,,03/13/2026,J1772
ELEC,3rd Precinct,435 Riverdale Ave,,Yonkers,NY,10705,,866-816-7584,E,,Public,24 hours daily,,,4.0,,,EV Connect,https://www.evconnect.com,GPS,40.917167,-73.902041,04/04/2026,260245,2026-04-04 05:07:57,,,,05/03/2023,J1772
ELEC,Icon Parking 30 W 63rd St - Tesla Destination,30 W 63rd St,,New York,NY,10023,,877-798-3752,E,,Public,,,,2.0,,,Tesla Destination,https://www.tesla.com/destination-charging,200-9,40.770772,-73.981795,07/01/2024,115081,2025-02-12 00:16:32,P,,,10/20/2016,TESLA
ELEC,70 East Sunrise Highway,70 E Sunrise Hwy,,Valley Stream,NY,11581,,833-611-5965,E,,Public,24 hours daily,,,6.0,,,VIALYNK,https://www.lynkwell.com,GPS,40.6589,-73.69705,04/04/2026,452390,2026-04-04 06:12:24,,,,03/04/2026,J1772
ELEC,BELMONT PARK VI BPV ST. 4,2375 Hempstead Turnpike,,Elmont,NY,11003,,888-758-4389,E,,Public,Mon: 8:00am-11:59pm; Tue: 8:00am-11:59pm; Wed: 8:00am-11:59pm; Thu: 8:00am-11:59pm; Fri: 8:00am-11:59pm; Sat: 8:00am-11:59pm; Sun: 8:00am-11:59pm,,,2.0,,,ChargePoint Network,https://www.chargepoint.com,GPS,40.709631,-73.725652,04/04/2026,386973,2026-04-04 03:56:26,,,,02/27/2025,J1772
ELEC,170 FREEMAN 7,170 Freeman Street,,Brooklyn,NY,11222,,888-758-4389,E,,Public,24 hours daily,,,1.0,,,ChargePoint Network,https://www.chargepoint.com,GPS,40.734252,-73.954668,04/04/2026,434735,2026-04-04 04:09:19,,,,10/24/2025,J1772
ELEC,Parker Towers 60 - Garage 60,104-60 Queens Blvd,,Forest Hills,NY,11375,,813-492-5220,E,,Public,24 hours daily,A ANDROID_PAY APPLE_PAY D M V,,20.0,,,EVOKE,https://evokesystems.com,GPS,40.7233,-73.8491,09/12/2025,356886,2026-03-31 19:51:34,P,,,11/18/2021,J1772
ELEC,Hampton Inn LaGuardia Airport - Tesla Destination,102-40 Ditmars Blvd,,East Elmhurst,NY,11369,,877-798-3752,E,,Public,,,,1.0,,,Tesla Destination,https://www.tesla.com/destination-charging,200-9,40.767948,-73.867784,07/01/2024,114937,2025-02-12 00:16:32,P,,,10/24/2016,TESLA
ELEC,37-31 73rd St - Lower Level,37-31 73rd St,,Queens,NY,11372,,813-492-5220,E,,Public,24 hours daily,A ANDROID_PAY APPLE_PAY D M V,,10.0,,,EVOKE,https://evokesystems.com,GPS,40.747896,-73.89229,09/12/2025,421050,2026-03-31 19:51:34,P,,,09/10/2024,J1772
ELEC,Standard Parking 270 Greenwich - Tesla Destination,270 Greenwich St,,New York,NY,10007,,877-798-3752,E,,Public,,,,3.0,,,Tesla Destination,https://www.tesla.com/destination-charging,200-9,40.715071,-74.012203,07/01/2024,115076,2025-02-12 00:16:32,P,,,01/08/2018,J1772 TESLA
ELEC,Tribeca Green,325 North End Ave,,New York,NY,10282,,888-998-2546,E,,Public,24 hours daily,,,2.0,,,Blink Network,https://blinkcharging.com,GPS,40.71695,-74.014948,04/04/2026,164713,2026-04-04 00:42:16,,,,08/27/2019,J1772
ELEC,MPG 10 E 102nd Street - Tesla Destination,10 E 102nd St,,New York,NY,10029,,877-798-3752,E,,Public,,,,3.0,,,Tesla Destination,https://www.tesla.com/destination-charging,200-9,40.79136,-73.952155,07/01/2024,114983,2025-02-12 00:16:32,P,,,08/30/2017,J1772 TESLA
ELEC,NYC FLEET DPROCBRZAC_2_L3,625 Father Capodanno Blvd,Unavailable during special events. Please consult Ocean Breeze Athletic Complex's website for more information and hours of operation.,South Beach,NY,10305,,888-758-4389,E,,Public,24 hours daily,,,,1.0,,ChargePoint Network,https://www.chargepoint.com,GPS,40.582849,-74.075561,04/04/2026,185142,2026-04-04 02:20:49,,,,02/18/2021,CHADEMO J1772COMBO
ELEC,Manhattan Plaza - Series,427 W 42nd St,,New York,NY,10036,,888-998-2546,E,,Public,24 hours daily,,,1.0,,,Blink Network,https://blinkcharging.com,GPS,40.759223,-73.992703,04/04/2026,439839,2026-04-04 00:09:18,,,,11/06/2025,J1772
ELEC,1535 E 14th St - Basement 1,1535 E 14th St,,Brooklyn,NY,11230,,813-492-5220,E,,Public,24 hours daily,A ANDROID_PAY APPLE_PAY D M V,,8.0,,,EVOKE,https://evokesystems.com,GPS,40.611982,-73.959622,09/12/2025,356933,2026-03-31 19:51:34,P,,,10/31/2022,J1772
ELEC,Quik Park 82nd Street LLC - Tesla Destination,350 E. 82nd St,,New York,NY,10028,,877-798-3752,E,,Public,,,,3.0,,,Tesla Destination,https://www.tesla.com/destination-charging,200-9,40.774511,-73.952039,07/01/2024,115108,2025-02-12 00:16:32,P,,,11/20/2015,J1772 TESLA
ELEC,Star Nissan,20602 Northern Blvd,,Bayside,NY,11361,,718-423-0500,E,,Public - Call ahead,Dealership business hours,,,1.0,,,Non-Networked,,200-8,40.758245,-73.776954,02/12/2024,44323,2025-02-12 00:16:32,P,,,11/30/2011,J1772
ELEC,Icon Parking 205 E 63rd St - Tesla Destination,205 E 63rd St,,Manhattan,NY,10065,,877-798-3752,E,,Public,,,,2.0,,,Tesla Destination,https://www.tesla.com/destination-charging,200-8,40.763981,-73.964368,07/01/2024,114974,2025-02-12 00:16:32,P,,,10/20/2016,TESLA
ELEC,540 WAVERLY 4,510 Waverly Ave,In ground floor parking garage,Brooklyn,NY,11238,,888-758-4389,E,,Public,24 hours daily,,,2.0,,,ChargePoint Network,https://www.chargepoint.com,GPS,40.682163,-73.966003,04/04/2026,323913,2026-04-04 03:00:57,,,,01/05/2024,J1772
ELEC,1441 Richmond Ave,1441 Richmond Ave,,Staten Island,NY,10314,,877-455-3833,E,,Public,24 hours daily,,,,2.0,,eVgo Network,https://www.evgo.com,GPS,40.6116,-74.1564,04/04/2026,383911,2026-04-04 00:03:47,,,,02/11/2025,CHADEMO J1772COMBO
ELEC,EVolve NY Flushing,135-23 39th Avenue,,Flushing,NY,11354,,833-632-2778,E,,Public,24 hours daily,,,,8.0,,Electrify America,https://www.electrifyamerica.com,GPS,40.76008,-73.83191,04/04/2026,449154,2026-04-04 04:51:25,,,,01/09/2026,J1772COMBO
ELEC,170 FREEMAN 14,170 Freeman Street,,Brooklyn,NY,11222,,888-758-4389,E,,Public,24 hours daily,,,1.0,,,ChargePoint Network,https://www.chargepoint.com,GPS,40.734305,-73.954683,04/04/2026,417258,2026-04-04 04:09:20,,,,07/30/2025,J1772
ELEC,Vistamar Restaurant & Lounge - Nayax Energy,565 City Island Ave,,Bronx,NY,10464,,718-709-0888,E,,Public,24 hours daily,A ACCOUNT_BALANCE ANDROID_PAY APPLE_PAY CREDIT M V,,,3.0,,NAYAX_ENERGY,https://www.nayax.com/solution/nayax-energy-core,GPS,40.853731,-73.79087,01/13/2026,448712,2026-02-02 23:16:24,P,,,08/01/2025,J1772COMBO
ELEC,GGMC Parking 75 Smith St Garage - Tesla Destination,75 Smith St,,Brooklyn,NY,11201,,877-798-3752,E,,Public,,,,3.0,,,Tesla Destination,https://www.tesla.com/destination-charging,200-9,40.689016,-73.988672,07/01/2024,114913,2025-02-12 00:16:32,P,,,11/13/2015,J1772 TESLA
ELEC,Centre at Huguenot South Tower - Parking Garage 2nd Floor,41 Centre Ave,,New Rochelle,NY,10801,,813-492-5220,E,,Public,24 hours daily,A ANDROID_PAY APPLE_PAY D M V,,12.0,,,EVOKE,https://evokesystems.com,GPS,40.90823,-73.785183,09/12/2025,357026,2026-03-31 19:51:34,P,,,06/29/2022,J1772
ELEC,DoubleTree by Hilton JFK Airport,135-30 140th St,,Queens,NY,11434,,888-717-4544,E,,Public,24 hours daily,,,6.0,,,CHARGESMART_EV,https://chargesmartev.com,GPS,40.666994,-73.798267,04/04/2026,416650,2026-04-04 06:15:19,,,,07/23/2025,J1772
ELEC,The88,153-10 88th Ave,,Queens,NY,11432,,888-385-6671,E,,Public - Credit card at all times,24 hours daily,A ACCOUNT_BALANCE ANDROID_PAY APPLE_PAY D M V,,3.0,,,LOOP,https://loopglobal.com,GPS,40.706223,-73.803482,03/12/2026,399686,2026-03-26 14:43:02,P,,,03/05/2025,J1772
ELEC,G & M REALTY 2 STATION 3,22-44 Jackson Ave,Parking Garage,LIC,NY,11101,,888-758-4389,E,,Public,24 hours daily,,,2.0,,,ChargePoint Network,https://www.chargepoint.com,GPS,40.745399,-73.946226,04/04/2026,223834,2026-04-04 02:57:38,,,,07/21/2022,J1772
ELEC,City Parking E 61st Street - Tesla Destination,425 E 61st St,,New York,NY,10065,,877-798-3752,E,,Public,,,,3.0,,,Tesla Destination,https://www.tesla.com/destination-charging,200-9,40.760289,-73.959501,07/01/2024,115135,2025-02-12 00:16:32,P,,,06/16/2017,J1772 TESLA
ELEC,CENTERS HEALTHC EV-7,170 Buffalo Avenue,,Brooklyn,NY,11213,,888-758-4389,E,,Public,24 hours daily,,,2.0,,,ChargePoint Network,https://www.chargepoint.com,GPS,40.673563,-73.926362,04/04/2026,328312,2026-04-04 03:31:59,,,,02/14/2024,J1772
ELEC,Icon Parking E 88th Street - Tesla Destination,536 E 88th St,,New York,NY,10128,,877-798-3752,E,,Public,,,,3.0,,,Tesla Destination,https://www.tesla.com/destination-charging,200-8,40.776461,-73.944363,07/01/2024,115153,2025-02-12 00:16:32,P,,,11/13/2015,J1772 TESLA
ELEC,Target - Tesla Supercharger,8949 Bay Pkwy,,Brooklyn,NY,11214,,877-798-3752,E,,Public,24 hours daily,A D Debit M V,,,20.0,,Tesla,https://www.tesla.com/supercharger,GPS,40.594639,-73.999969,05/12/2025,375834,2026-02-02 23:16:24,P,,,01/10/2025,TESLA
ELEC,Castle Hill YMCA - Parking Lot,2 Castle Hill,,Bronx,NY,10473,,813-492-5220,E,,Public,24 hours daily,A ANDROID_PAY APPLE_PAY D M V,,10.0,,,EVOKE,https://evokesystems.com,GPS,40.81267,-73.846049,09/12/2025,356950,2026-03-31 19:51:34,P,,,05/28/2022,J1772
ELEC,AMNH-PARKING STATION 2,200 Central Park West,Lower level parking south wall,New York,NY,10024,,888-758-4389,E,,Public,24 hours daily,,,2.0,,,ChargePoint Network,https://www.chargepoint.com,GPS,40.781414,-73.973682,04/04/2026,357263,2026-04-04 02:31:46,,,,09/30/2024,J1772
ELEC,HAMPTON INN STATION 3,1120 South Ave,Side of Hampton Inn & Suites,Staten Island,NY,10314,,888-758-4389,E,,Public,24 hours daily,,,2.0,,,ChargePoint Network,https://www.chargepoint.com,GPS,40.612671,-74.17882,04/04/2026,181663,2026-04-04 02:21:19,,,,01/27/2021,J1772
ELEC,Rockefeller Univ - Garage Ground Floor,500 E 63rd St,,New York,NY,10065,,813-492-5220,E,,Public,24 hours daily,A ANDROID_PAY APPLE_PAY D M V,,25.0,,,EVOKE,https://evokesystems.com,GPS,40.760823,-73.957536,09/12/2025,357046,2026-03-31 19:51:34,P,,,07/07/2022,J1772
ELEC,COMMERCIAL 1 COM1-3,365 W 25th St,,New York,NY,10001,,888-758-4389,E,,Public,24 hours daily,,,,1.0,,ChargePoint Network,https://www.chargepoint.com,GPS,40.747358,-74.000158,04/04/2026,447020,2026-04-04 04:17:11,,,,12/07/2025,CHADEMO J1772COMBO
ELEC,25 Broadway,25 Broadway,,New York,NY,10004,,,E,,Public,24 hours daily,A ACCOUNT_BALANCE ANDROID_PAY APPLE_PAY CREDIT D M V,,3.0,,,Non-Networked,,200-8,40.70568,-74.0136,05/09/2024,333718,2025-02-12 00:16:32,P,,,12/21/2023,J1772
ELEC,MPG 340 East 93rd - Tesla Destination,340 E 93rd St,,New York,NY,10128,,877-798-3752,E,,Public,,,,3.0,,,Tesla Destination,https://www.tesla.com/destination-charging,200-8,40.781413,-73.946377,07/01/2024,115103,2025-02-12 00:16:32,P,,,05/23/2018,J1772 TESLA
ELEC,iPark NYC 183 E 73rd Street - Tesla Destination,184 E 73rd St,,New York,NY,10021,,877-798-3752,E,,Public,,,,3.0,,,Tesla Destination,https://www.tesla.com/destination-charging,200-8,40.770601,-73.960531,07/01/2024,115034,2025-02-12 00:16:32,P,,,04/30/2016,J1772 TESLA
ELEC,535 Carlton Ave,535 Carlton Ave,,Brooklyn,NY,11238,,833-611-5965,E,,Public,24 hours daily,,,4.0,,,VIALYNK,https://www.lynkwell.com,GPS,40.68092,-73.97076,04/04/2026,225118,2026-04-04 06:08:32,,,,07/08/2022,J1772
ELEC,G & M REALTY 2 STATION 2,22-44 Jackson Ave,Parking Garage,LIC,NY,11101,,888-758-4389,E,,Public,24 hours daily,,,2.0,,,ChargePoint Network,https://www.chargepoint.com,GPS,40.745401,-73.946148,04/04/2026,223833,2026-04-04 02:57:38,,,,07/21/2022,J1772
ELEC,MTP Parking 363 Bond Street - Tesla Destination,363 Bond St,,Brooklyn,NY,11231,,877-798-3752,E,,Public,,,,4.0,,,Tesla Destination,https://www.tesla.com/destination-charging,200-9,40.678155,-73.990443,07/01/2024,122476,2025-02-12 00:16:32,P,,,01/18/2019,TESLA
ELEC,PANYNJ JFK Y GARAGE 3,JFK Access Road JFK International Airport,,Queens,NY,11430,,888-758-4389,E,,Public,24 hours daily,,,2.0,,,ChargePoint Network,https://www.chargepoint.com,GPS,40.645758,-73.779314,04/04/2026,174643,2026-04-04 01:59:06,,,,01/27/2021,J1772
ELEC,Enterprise 284 Mott St - Underground garage,284 Mott St,,New York,NY,10012,,813-492-5220,E,,Public,24 hours daily,A ANDROID_PAY APPLE_PAY D M V,,4.0,,,EVOKE,https://evokesystems.com,GPS,40.724324,-73.994201,09/12/2025,356981,2026-03-31 19:51:34,P,,,02/07/2023,J1772
ELEC,Rapidpark 44 State Street - Tesla Destination,44 State St,,Brooklyn,NY,11201,,877-798-3752,E,,Public,,,,3.0,,,Tesla Destination,https://www.tesla.com/destination-charging,200-8,40.692062,-73.99816,07/01/2024,114905,2025-02-12 00:16:32,P,,,06/13/2017,J1772 TESLA
ELEC,MPG 500 West 30th - Tesla Destination,500 W 30th,,New York,NY,10001,,877-798-3752,E,,Public,,,,3.0,,,Tesla Destination,https://www.tesla.com/destination-charging,200-9,40.752205,-74.001493,07/01/2024,115145,2025-02-12 00:16:32,P,,,05/24/2018,J1772 TESLA
ELEC,19-80 Steinway - Tesla Destination,1980 Steinway St,,Astoria,NY,11105,,877-798-3752,E,,Public,,,,4.0,,,Tesla Destination,https://www.tesla.com/destination-charging,200-8,40.776957,-73.90115,07/01/2024,150649,2025-02-12 00:16:32,P,,,07/06/2018,TESLA
ELEC,134-10 225th St,134-10 225th St,,Jamaica,NY,11413,,888-356-8911,E,,Public,24 hours daily,,,2.0,,,FLO,https://www.flo.com,GPS,40.677412,-73.745062,04/04/2026,198164,2026-04-04 05:27:27,,,,10/23/2021,J1772
ELEC,Rapid Park - 204 W 101st 1st Floor,204 W 101st Street,,New York,NY,10025,,833-611-5965,E,,Public,24 hours daily,,,4.0,,,VIALYNK,https://www.lynkwell.com,GPS,40.79743,-73.9687,04/04/2026,334499,2026-04-04 06:10:12,,,,05/02/2024,J1772
ELEC,Standard Parking 1360 Fulton Street - Tesla Destination,1360 Fulton St,,Brooklyn,NY,11216,,877-798-3752,E,,Public,,,,2.0,,,Tesla Destination,https://www.tesla.com/destination-charging,200-9,40.680168,-73.946022,07/01/2024,114889,2025-02-12 00:16:32,P,,,05/24/2018,TESLA
ELEC,imPark 611 E 83rd Street - Tesla Destination,611 E 83rd St,,New York,NY,10028,,877-798-3752,E,,Public,,,,3.0,,,Tesla Destination,https://www.tesla.com/destination-charging,200-8,40.772681,-73.945488,07/01/2024,115175,2025-02-12 00:16:32,P,,,12/27/2016,J1772 TESLA
ELEC,MPG 121 Reade Street - Tesla Destination,121 Reade St,,New York,NY,10013,,877-798-3752,E,,Public,,,,3.0,,,Tesla Destination,https://www.tesla.com/destination-charging,200-9,40.716268,-74.009491,07/01/2024,115006,2025-02-12 00:16:32,P,,,01/08/2018,J1772 TESLA
ELEC,Northeast Bronx YMCA,1250 E 229th St,,Bronx,NY,10466,,347-389-6140,E,,Public - Credit card at all times,24 hours daily; members only,A D Debit M V,,4.0,,,Non-Networked,,GPS,40.882786,-73.841986,03/14/2024,205826,2025-02-12 00:16:32,P,,,02/04/2022,J1772
ELEC,(SP+) - Third at Bankside Garage,2385 3rd Ave.,,Bronx,NY,10451,,855-223-5351,E,,Public,24 hours daily,A D M V,,14.0,,,FLASH,https://www.flashparking.com/products/diversify-parking-revenue/ev-charging-as-a-revenue-stream/,GPS,40.808374,-73.931063,04/04/2026,326286,2026-04-04 05:17:02,,,,01/21/2024,J1772
ELEC,New York Hilton Midtown - Tesla Destination,1335 Avenue of the Americas,,New York,NY,10019,,877-798-3752,E,,Public,,,,2.0,,,Tesla Destination,https://www.tesla.com/destination-charging,200-9,40.762234,-73.979036,07/01/2024,115011,2025-02-12 00:16:32,P,,,01/26/2017,TESLA
ELEC,25 Park Row,25 Park Row,,New York,NY,10038,,888-385-6671,E,,Public - Credit card at all times,24 hours daily,A ACCOUNT_BALANCE ANDROID_PAY APPLE_PAY D M V,,1.0,,,LOOP,https://loopglobal.com,GPS,40.71145,-74.00745,03/12/2026,399675,2026-03-12 20:29:51,P,,,01/22/2024,J1772
ELEC,"iPark - Paradise Garage-  62-60 99th Street Rego Park, NY 11374",62-60 99th Street,,Rego Park,NY,11374,,888-998-2546,E,,Public,24 hours daily,,,2.0,,,Blink Network,https://blinkcharging.com,GPS,40.733347,-73.858012,04/04/2026,255093,2026-04-04 00:08:34,,,,12/14/2022,J1772
ELEC,170 FREEMAN 19,1036 Manhattan Ave,,Brooklyn,NY,11222,,888-758-4389,E,,Public,24 hours daily,,,1.0,,,ChargePoint Network,https://www.chargepoint.com,GPS,40.734166,-73.954508,04/04/2026,417631,2026-04-04 04:09:20,,,,08/07/2025,J1772
ELEC,STATION 4TH FL MOTORGATE #2,Main St/10 River Rd,Motorgate Garage -Fourth Level,New York,NY,10044,,888-758-4389,E,,Public,24 hours daily,,,2.0,,,ChargePoint Network,https://www.chargepoint.com,GPS,40.764208,-73.947198,04/04/2026,168525,2026-04-04 02:21:49,,,,11/17/2020,J1772
ELEC,SMJ WOODHAVEN SMJ WOODHAVEN 3,85-01 68th Road,,queens,NY,11374,,888-758-4389,E,,Public,24 hours daily,,,1.0,,,ChargePoint Network,https://www.chargepoint.com,GPS,40.715225,-73.859524,04/04/2026,454054,2026-04-04 04:22:19,,,,03/13/2026,J1772
ELEC,PV Parking 34-11 Steinway - Tesla Destination,34-11 Steinway St,,Astoria,NY,11101,,877-798-3752,E,,Public,,,,4.0,,,Tesla Destination,https://www.tesla.com/destination-charging,200-9,40.756069,-73.920466,07/01/2024,150584,2025-02-12 00:16:32,P,,,03/31/2019,TESLA
ELEC,Best Buy - Tesla Supercharger,8923 Bay Pkwy,,Brooklyn,NY,11214,,877-798-3752,E,,Public,24 hours daily,A D Debit M V,,,20.0,,Tesla,https://www.tesla.com/supercharger,GPS,40.594772,-73.998751,09/12/2025,420629,2026-02-02 23:16:24,P,,,08/22/2025,J1772COMBO TESLA
ELEC,Rapidpark 480 Riverside (120th St) - Tesla Destination,480 Riverside Dr,,New York,NY,10027,,877-798-3752,E,,Public,,,,3.0,,,Tesla Destination,https://www.tesla.com/destination-charging,200-8,40.811187,-73.963571,07/01/2024,115140,2025-02-12 00:16:32,P,,,01/08/2018,J1772 TESLA
ELEC,Liberty Green - Garage,300 N End Ave,,New York,NY,10282,,813-492-5220,E,,Public,24 hours daily,A ANDROID_PAY APPLE_PAY D M V,,8.0,,,EVOKE,https://evokesystems.com,GPS,40.7167,-74.01432,09/12/2025,356989,2026-03-31 19:51:34,P,,,01/12/2022,J1772
ELEC,iPark 200 West Garage Corp. - Tesla Destination,220 W 26th St,,New York,NY,10001,,877-798-3752,E,,Public,,,,3.0,,,Tesla Destination,https://www.tesla.com/destination-charging,200-9,40.746304,-73.995064,07/01/2024,115055,2025-02-12 00:16:32,P,,,11/02/2017,J1772 TESLA
ELEC,9 W 57th St - Garage,9 W 57th St,,New York,NY,10019,,813-492-5220,E,,Public,24 hours daily,A ANDROID_PAY APPLE_PAY D M V,,12.0,,,EVOKE,https://evokesystems.com,GPS,40.763867,-73.975023,09/12/2025,357116,2026-03-31 19:51:34,P,,,07/09/2022,J1772
ELEC,One Gracie Terrace - Basement Level 1 and 2,605 E 82nd St,,New York,NY,10028,,813-492-5220,E,,Public,24 hours daily,A ANDROID_PAY APPLE_PAY D M V,,10.0,,,EVOKE,https://evokesystems.com,GPS,40.77245,-73.945767,09/12/2025,357074,2026-03-31 19:51:34,P,,,12/06/2022,J1772
ELEC,ARCHER GREEN MI STATION 3,92-23 168th St,,JAMAICA,NY,11433,,888-758-4389,E,,Public,24 hours daily,,,1.0,,,ChargePoint Network,https://www.chargepoint.com,GPS,40.705254,-73.7915,04/04/2026,225481,2026-04-04 02:34:33,,,,08/13/2022,J1772
ELEC,MTP Parking 31-00 47th Ave - Tesla Destination,31-00 47th Ave,,Long Island City,NY,11101,,877-798-3752,E,,Public,,,,4.0,,,Tesla Destination,https://www.tesla.com/destination-charging,200-8,40.741652,-73.93616,07/01/2024,122487,2025-02-12 00:16:32,P,,,01/17/2019,TESLA
ELEC,145 Brooklyn Ave,145 Brooklyn Ave,,Brooklyn,NY,11213,,888-356-8911,E,,Public,24 hours daily,,,2.0,,,FLO,https://www.flo.com,GPS,40.674612,-73.944569,04/04/2026,202163,2026-04-04 05:28:28,,,,12/08/2021,J1772
ELEC,99 Prospect Park W,99 Prospect Park W,,Brooklyn,NY,11215,,888-356-8911,E,,Public,24 hours daily,,,2.0,,,FLO,https://www.flo.com,GPS,40.66696,-73.975032,04/04/2026,194647,2026-04-04 05:28:14,,,,08/28/2021,J1772
ELEC,iPark NYU 377 E 33rd Street - Tesla Destination,377 E 33rd St,,New York,NY,10016,,877-798-3752,E,,Public,,,,3.0,,,Tesla Destination,https://www.tesla.com/destination-charging,200-9,40.743405,-73.974735,07/01/2024,115113,2025-02-12 00:16:32,P,,,08/23/2017,J1772 TESLA
ELEC,KWEV - 139 Charles Street,139 Charles St,,New York,NY,10014,,888-505-5938,E,,Public,24 hours daily,CREDIT M V,,2.0,,,KWEV,https://kwev.com,200-8,40.73428,-74.00803,,456227,2026-03-20 17:04:36,P,,,06/10/2025,J1772
ELEC,Icon Parking 220 Riverside Blvd - Tesla Destination,220 Riverside Blvd,,New York,NY,10024,,877-798-3752,E,,Public,,,,6.0,,,Tesla Destination,https://www.tesla.com/destination-charging,200-9,40.779338,-73.987493,07/01/2024,115054,2025-02-12 00:16:32,P,,,01/21/2016,J1772 TESLA
ELEC,SMJ WOODHAVEN SMJ WOODHAVE 13,85-01 68th Road,,queems,NY,11374,,888-758-4389,E,,Public,24 hours daily,,,1.0,,,ChargePoint Network,https://www.chargepoint.com,GPS,40.715359,-73.8592,04/04/2026,453520,2026-04-04 04:22:14,,,,03/12/2026,J1772
ELEC,170 FREEMAN 1,170 Freeman Street,,Brooklyn,NY,11222,,888-758-4389,E,,Public,24 hours daily,,,1.0,,,ChargePoint Network,https://www.chargepoint.com,GPS,40.734358,-73.954634,04/04/2026,434731,2026-04-04 04:09:18,,,,10/24/2025,J1772
ELEC,Rapidpark 25-27 Beekman Street - Tesla Destination,25-27 Beekman St,,New York,NY,10038,,877-798-3752,E,,Public,,,,3.0,,,Tesla Destination,https://www.tesla.com/destination-charging,200-9,40.710786,-74.006017,07/01/2024,115071,2025-02-12 00:16:32,P,,,06/13/2017,J1772 TESLA
ELEC,iPark 247 N 7th Street - Tesla Destination,249 N 7th St,,Brooklyn,NY,11248,,877-798-3752,E,,Public,,,,3.0,,,Tesla Destination,https://www.tesla.com/destination-charging,200-9,40.715954,-73.954681,07/01/2024,114894,2025-02-12 00:16:32,P,,,03/10/2017,J1772 TESLA
ELEC,PANYNJ LGA WEST 2,LGA West Garage LaGuardia Airport,,Flushing,NY,11371,,888-758-4389,E,,Public,24 hours daily,,,1.0,,,ChargePoint Network,https://www.chargepoint.com,GPS,40.773069,-73.875169,04/04/2026,180139,2026-04-04 01:39:11,,,,01/27/2021,J1772
ELEC,Icon Parking 308 Greenwich - Tesla Destination,308 Greenwich St,,New York,NY,10013,,877-798-3752,E,,Public,,,,3.0,,,Tesla Destination,https://www.tesla.com/destination-charging,200-9,40.717686,-74.010613,07/01/2024,115088,2025-02-12 00:16:32,P,,,04/30/2016,J1772 TESLA
ELEC,Rapidpark 205 W 101st Street - Tesla Destination,205 W 101st Street,,New York,NY,10025,,877-798-3752,E,,Public,,,,3.0,,,Tesla Destination,https://www.tesla.com/destination-charging,200-9,40.797603,-73.968503,07/01/2024,169060,2025-02-12 00:16:32,P,,,11/03/2020,J1772 TESLA
ELEC,550 Prospect Place,550 Prospect Place,,Brooklyn,NY,11238,,888-998-2546,E,,Public,24 hours daily,,,7.0,,,Blink Network,https://blinkcharging.com,GPS,40.675159,-73.958501,04/04/2026,257489,2026-04-04 00:31:15,,,,08/01/2022,J1772
ELEC,New Roc Parking Deck,33 Lecount Pl,,New Rochelle,NY,10801,,877-455-3833,E,,Public,24 hours daily,,,,6.0,,eVgo Network,https://www.evgo.com,GPS,40.91236,-73.77951,04/04/2026,301764,2026-04-04 00:04:22,,,,06/30/2023,CHADEMO J1772COMBO
ELEC,MPG 100 Jay Street - Tesla Destination,100 Jay St,,Brooklyn,NY,10021,,877-798-3752,E,,Public,,,,3.0,,,Tesla Destination,https://www.tesla.com/destination-charging,200-9,40.702194,-73.98672,07/01/2024,114917,2025-02-12 00:16:32,P,,,08/17/2017,J1772 TESLA
ELEC,MCDONALD'S LINDEN 01,2797 Linden Boulevard,,Brooklyn,NY,11208,,888-758-4389,E,,Public,24 hours daily,,,2.0,,,ChargePoint Network,https://www.chargepoint.com,GPS,40.670036,-73.86086,04/04/2026,390635,2026-04-04 04:01:30,,,,04/23/2025,J1772
ELEC,LGP L.G.P EV SPACE5,10 Harrison Pl,Luxury Green parking lot,Brooklyn,NY,11206,,888-758-4389,E,,Public,24 hours daily,,,2.0,,,ChargePoint Network,https://www.chargepoint.com,GPS,40.705861,-73.932943,04/04/2026,395817,2026-04-04 04:03:33,,,,05/17/2025,J1772
ELEC,Champion Parking 60 East End Avenue - Tesla Destination,60 East End Ave,,New York,NY,10028,,877-798-3752,E,,Public,,,,3.0,,,Tesla Destination,https://www.tesla.com/destination-charging,200-9,40.772712,-73.947045,07/01/2024,115168,2025-02-12 00:16:32,P,,,01/07/2016,J1772 TESLA
ELEC,Chelnik Parking NYC 880 5th - Tesla Destination,880 5th Ave,,New York,NY,10021,,877-798-3752,E,,Public,,,,2.0,,,Tesla Destination,https://www.tesla.com/destination-charging,200-8,40.770292,-73.967735,07/01/2024,115190,2025-02-12 00:16:32,P,,,12/17/2015,TESLA
ELEC,Little Man Parking (Queens West) - Tesla Destination,4-76 47th Ave,,Long Island City,NY,11109,,877-798-3752,E,,Public,,,,3.0,,,Tesla Destination,https://www.tesla.com/destination-charging,200-8,40.745627,-73.955638,07/01/2024,114970,2025-02-12 00:16:32,P,,,03/09/2017,J1772 TESLA
ELEC,CLAREMONT GRG STATION 5,100 Claremont Avenue,Garage Level 2,New York,NY,10027,,888-758-4389,E,,Public,24 hours daily,,,1.0,,,ChargePoint Network,https://www.chargepoint.com,GPS,40.811692,-73.96224,04/04/2026,384771,2026-04-04 03:53:50,,,,02/22/2025,J1772
ELEC,831 3rd Ave,831 3rd Ave,,Brooklyn,NY,11232,,888-356-8911,E,,Public,24 hours daily,,,6.0,,,FLO,https://www.flo.com,GPS,40.656766,-74.004802,04/04/2026,199508,2026-04-04 05:27:46,,,,10/30/2021,J1772
ELEC,"The Standard, East Village - Tesla Destination",25 Cooper Street,,New York,NY,10004,,877-798-3752,E,,Public,,,,3.0,,,Tesla Destination,https://www.tesla.com/destination-charging,200-9,40.727797,-73.990746,07/01/2024,169201,2025-02-12 00:16:32,P,,,12/02/2016,J1772 TESLA
ELEC,Icon 376 Greenwich Street - Tesla Destination,376 Greenwich St,,New York,NY,10013,,877-798-3752,E,,Public,,,,3.0,,,Tesla Destination,https://www.tesla.com/destination-charging,200-8,40.719825,-74.010137,07/01/2024,115112,2025-02-12 00:16:32,P,,,07/17/2017,J1772 TESLA
ELEC,Standard Parking 1 Metrotech - Tesla Destination,351 Jay St,,Brooklyn,NY,11201,,877-798-3752,E,,Public,,,,3.0,,,Tesla Destination,https://www.tesla.com/destination-charging,200-9,40.69306,-73.987222,07/01/2024,114900,2025-02-12 00:16:32,P,,,05/24/2018,J1772 TESLA
ELEC,ENG-000048,7014 Garfield Ave,,Woodside,NY,11377,,888-991-9386,E,,Public,24 hours daily,A ANDROID_PAY APPLE_PAY CREDIT M V,,2.0,,,WEVO,https://wevo.energy,200-8,40.73687,-73.89355,03/12/2026,451565,2026-03-12 20:29:51,P,,,09/01/2025,J1772
ELEC,Port Washington School Guggenheim Elementary School,38 Poplar Pl,,Sands Point,NY,11050,,833-611-5965,E,,Public,24 hours daily,,,6.0,,,VIALYNK,https://www.lynkwell.com,GPS,40.84995,-73.69969,04/04/2026,446812,2026-04-04 06:12:11,,,,12/03/2025,J1772
ELEC,Central Parking 200 Chambers - Tesla Destination,200 Chambers St,,New York,NY,10007,,877-798-3752,E,,Public,,,,3.0,,,Tesla Destination,https://www.tesla.com/destination-charging,200-9,40.716256,-74.012543,07/01/2024,115038,2025-02-12 00:16:32,P,,,01/09/2018,J1772 TESLA
ELEC,iPark NYC 61 Jane Street - Tesla Destination,61 Jane St,,New York,NY,10014,,877-798-3752,E,,Public,,,,3.0,,,Tesla Destination,https://www.tesla.com/destination-charging,200-9,40.738733,-74.006009,07/01/2024,115173,2025-02-12 00:16:32,P,,,06/01/2015,J1772 TESLA
ELEC,Icon Parking 330 W 58th Street - Tesla Destination,330 W 58th St,,New York,NY,10019,,877-798-3752,E,,Public,,,,3.0,,,Tesla Destination,https://www.tesla.com/destination-charging,200-8,40.767879,-73.983656,07/01/2024,115099,2025-02-12 00:16:32,P,,,01/21/2016,J1772 TESLA
ELEC,Rapidpark 9-11 W 100th Street - Tesla Destination,9 W 100th St,,New York,NY,10024,,877-798-3752,E,,Public,,,,3.0,,,Tesla Destination,https://www.tesla.com/destination-charging,200-9,40.794519,-73.963445,07/01/2024,115192,2025-02-12 00:16:32,P,,,03/14/2017,J1772 TESLA
ELEC,30 Lincoln Plaza - Garage,30 W 63rd St,,New York,NY,10023,,813-492-5220,E,,Public,24 hours daily,A ANDROID_PAY APPLE_PAY D M V,,8.0,,,EVOKE,https://evokesystems.com,GPS,40.7706,-73.9817,09/12/2025,356986,2026-03-31 19:51:34,P,,,12/19/2021,J1772
ELEC,CLAREMONT GRG STATION 6,100 Claremont Ave,,New York,NY,10027,,888-758-4389,E,,Public,24 hours daily,,,1.0,,,ChargePoint Network,https://www.chargepoint.com,GPS,40.811645,-73.962116,04/04/2026,384790,2026-04-04 03:56:23,,,,02/22/2025,J1772
ELEC,Mott Street Parking - Tesla Supercharger,106 Mott Street,,New York,NY,10013,,877-798-3752,E,,Public,5am-12am daily. Please check Tesla's online station map to see if an adapter is required at this location.,,,,2.0,,Tesla,https://www.tesla.com/supercharger,200-9,40.717522,-73.997302,07/01/2024,102334,2025-05-06 21:07:47,P,,,07/23/2018,TESLA
ELEC,Park N Go - E 121 St - Tesla Destination,210 E 121st St,,New York,NY,10035,,877-798-3752,E,,Public,,,,4.0,,,Tesla Destination,https://www.tesla.com/destination-charging,200-8,40.800793,-73.9371,07/01/2024,169011,2025-02-12 00:16:32,P,,,10/18/2019,TESLA
ELEC,Enterprise Parking 545 Washington Ave - Tesla Destination,545 Washington Ave,,Brooklyn,NY,11238,,877-798-3752,E,,Public,,,,4.0,,,Tesla Destination,https://www.tesla.com/destination-charging,200-9,40.681953,-73.964405,07/01/2024,150573,2025-02-12 00:16:32,P,,,03/31/2019,TESLA
ELEC,Icon Parking 200 E 32nd Street - Tesla Destination,200 E 32nd St,,New York,NY,10016,,877-798-3752,E,,Public,,,,3.0,,,Tesla Destination,https://www.tesla.com/destination-charging,200-9,40.744916,-73.980228,07/01/2024,115039,2025-02-12 00:16:32,P,,,12/09/2016,J1772 TESLA
ELEC,330 E 80th St - Garage,330 E 80th St,,New York,NY,10075,,813-492-5220,E,,Public,24 hours daily,A ANDROID_PAY APPLE_PAY D M V,,25.0,,,EVOKE,https://evokesystems.com,GPS,40.773622,-73.95325,09/12/2025,357004,2026-03-31 19:51:34,P,,,07/23/2022,J1772
ELEC,CENTERS HEALTHC EV-2,170 Buffalo Avenue,Lot 1,Brooklyn,NY,11213,,888-758-4389,E,,Public,24 hours daily,,,2.0,,,ChargePoint Network,https://www.chargepoint.com,GPS,40.673561,-73.926135,04/04/2026,328306,2026-04-04 03:31:58,,,,02/14/2024,J1772
ELEC,IKEA USA BROOKLYN 3,1 Beard St,,Red Hook,NY,11231,,888-758-4389,E,,Public,24 hours daily,,,1.0,,,ChargePoint Network,https://www.chargepoint.com,GPS,40.671393,-74.011584,04/04/2026,252886,2026-04-04 02:49:46,,,,02/01/2023,J1772
ELEC,WCS NS1 BOSTON RD,2300  Southern Blvd,Bronx zoo Asia Parking lot,Bronx,NY,10460,,888-758-4389,E,,Public,24 hours daily,,,1.0,,,ChargePoint Network,https://www.chargepoint.com,GPS,40.846205,-73.876513,04/04/2026,104341,2026-04-04 01:51:48,,,,10/24/2018,J1772
ELEC,Prime Parking Systems - 155 E 68th Street - Tesla Destination,155 E 68th St,,New York,NY,10065,,877-798-3752,E,,Public,,,,3.0,,,Tesla Destination,https://www.tesla.com/destination-charging,200-8,40.767743,-73.963665,07/01/2024,115024,2025-02-12 00:16:32,P,,,07/23/2015,J1772 TESLA
ELEC,GGMC The Cove - Tesla Destination,99 Battery Pl,,New York,NY,10280,,877-798-3752,E,,Public,,,,3.0,,,Tesla Destination,https://www.tesla.com/destination-charging,200-9,40.707738,-74.016845,07/01/2024,115197,2025-02-12 00:16:32,P,,,06/07/2017,J1772 TESLA
ELEC,170 FREEMAN 2,170 Freeman Street,,Brooklyn,NY,11222,,888-758-4389,E,,Public,24 hours daily,,,1.0,,,ChargePoint Network,https://www.chargepoint.com,GPS,40.734295,-73.95466,04/04/2026,434732,2026-04-04 04:09:18,,,,10/24/2025,J1772
ELEC,East West Tower Garage - Tesla Destination,142-38 37th Ave,,Flushing,NY,11354,,877-798-3752,E,,Public,,,,4.0,,,Tesla Destination,https://www.tesla.com/destination-charging,200-8,40.762331,-73.825583,07/01/2024,150531,2025-02-12 00:16:32,P,,,08/28/2019,TESLA
ELEC,430809  Avalon Riverview North,4-75 48th Avenue,,Long Island City,NY,11109,,888-998-2546,E,,Public,24 hours daily,,,5.0,,,Blink Network,https://blinkcharging.com,GPS,40.744963,-73.956884,04/04/2026,309419,2026-04-04 00:17:31,,,,04/17/2019,J1772
ELEC,Icon Parking 101 W 15th - Tesla Destination,101 W 15th St,,New York,NY,10011,,877-798-3752,E,,Public,,,,4.0,,,Tesla Destination,https://www.tesla.com/destination-charging,200-8,40.738371,-73.99688,07/01/2024,114992,2025-02-12 00:16:32,P,,,08/10/2018,TESLA
ELEC,CORP COMM 3 STATION 3 CC3,Teleport Dr/Corp Commons Bldg,"Parking Garage, 2nd Floor",Staten Island,NY,10314,,888-758-4389,E,,Public,24 hours daily,,,2.0,,,ChargePoint Network,https://www.chargepoint.com,GPS,40.604086,-74.179358,04/04/2026,252135,2026-04-04 02:21:56,,,,01/26/2023,J1772
ELEC,5935 Broadway,5935 Broadway,,Bronx,NY,10463,,888-356-8911,E,,Public,24 hours daily,,,4.0,,,FLO,https://www.flo.com,GPS,40.888461,-73.899119,04/04/2026,191505,2026-04-04 05:28:34,,,,06/25/2021,J1772
ELEC,300 W 135 St - Little Man Parking - Tesla Destination,300 W 135 St,,New York,NY,10030,,877-798-3752,E,,Public,,,,4.0,,,Tesla Destination,https://www.tesla.com/destination-charging,200-9,40.816777,-73.947435,07/01/2024,150596,2025-02-12 00:16:32,P,,,08/28/2019,TESLA
ELEC,465 Pacific St - Garage,465 Pacific St,,Brooklyn,NY,11217,,813-492-5220,E,,Public,24 hours daily,A ANDROID_PAY APPLE_PAY D M V,,17.0,,,EVOKE,https://evokesystems.com,GPS,40.685493,-73.98254,09/12/2025,357041,2026-03-31 19:51:34,P,,,08/22/2022,J1772
ELEC,26-19 2nd Street,26-19 2nd Street,,Astoria,NY,11102,,888-998-2546,E,,Public,24 hours daily,,,2.0,,,Blink Network,https://blinkcharging.com,GPS,40.773294,-73.934466,04/04/2026,257491,2026-04-04 00:42:41,,,,12/19/2022,J1772
ELEC,SKYVIEW APTS SKYVIEW ST2,5800 Arlington Ave,,Riverdale,NY,10471,,888-758-4389,E,,Public,24 hours daily,,,2.0,,,ChargePoint Network,https://www.chargepoint.com,GPS,40.908654,-73.905897,04/04/2026,171342,2026-04-04 02:27:08,,,,01/16/2021,J1772
ELEC,Standard Parking 200 Cadman Plaza West - Tesla Destination,75 Henry St,,Brooklyn,NY,11221,,877-798-3752,E,,Public,,,,3.0,,,Tesla Destination,https://www.tesla.com/destination-charging,200-9,40.698707,-73.992365,07/01/2024,114912,2025-02-12 00:16:32,P,,,05/24/2018,J1772 TESLA
ELEC,GMC Parking Narragansett - Tesla Destination,124 E 63rd St,,New York,NY,10065,,877-798-3752,E,,Public,,,,3.0,,,Tesla Destination,https://www.tesla.com/destination-charging,200-9,40.7758,-73.95087,07/01/2024,115007,2025-02-12 00:16:32,P,,,08/10/2017,J1772 TESLA
ELEC,IPark 99 3rd Avenue - Tesla Destination,99 3rd Ave,,Brooklyn,NY,11217,,877-798-3752,E,,Public,,,,4.0,,,Tesla Destination,https://www.tesla.com/destination-charging,200-8,40.683126,-73.982088,07/01/2024,150583,2025-02-12 00:16:32,P,,,03/31/2019,TESLA
ELEC,Standard Parking 21 East 15th Street - Tesla Destination,21 E 15th St,,New York,NY,10003,,877-798-3752,E,,Public,,,,3.0,,,Tesla Destination,https://www.tesla.com/destination-charging,200-8,40.736293,-73.991939,07/01/2024,115050,2025-02-12 00:16:32,P,,,12/09/2016,J1772 TESLA
ELEC,Park Towers South - Tesla Destination,330 W 58th St,,New York,NY,10019,,877-798-3752,E,,Public,,,,6.0,,,Tesla Destination,https://www.tesla.com/destination-charging,GPS,40.76775,-73.983784,07/01/2024,359545,2025-02-12 00:16:32,P,,,07/01/2024,J1772 TESLA
ELEC,GGMC Parking E 74th Street - Tesla Destination,300 E 74th St,,New York,NY,10021,,877-798-3752,E,,Public,,,,3.0,,,Tesla Destination,https://www.tesla.com/destination-charging,200-8,40.769947,-73.956989,07/01/2024,115084,2025-02-12 00:16:32,P,,,12/28/2016,J1772 TESLA
ELEC,iPark NYC 246 E 45 Street - Tesla Destination,246 E 45th St,,New York,NY,10017,,877-798-3752,E,,Public,,,,3.0,,,Tesla Destination,https://www.tesla.com/destination-charging,200-8,40.751847,-73.971348,07/01/2024,115067,2025-02-12 00:16:32,P,,,05/31/2016,J1772 TESLA
ELEC,125-10 Queens Blvd Garage - Tesla Destination,123 83rd Ave,,Kew Gardens,NY,11415,,877-798-3752,E,,Public,,,,4.0,,,Tesla Destination,https://www.tesla.com/destination-charging,GPS,40.711905,-73.826773,07/01/2024,122483,2025-02-12 00:16:32,P,,,11/30/2018,TESLA
ELEC,BELMONT PARK VI BPV ST. 12,2375 Hempstead Turnpike,,Elmont,NY,11003,,888-758-4389,E,,Public,Mon: 8:00am-11:59pm; Tue: 8:00am-11:59pm; Wed: 8:00am-11:59pm; Thu: 8:00am-11:59pm; Fri: 8:00am-11:59pm; Sat: 8:00am-11:59pm; Sun: 8:00am-11:59pm,,,2.0,,,ChargePoint Network,https://www.chargepoint.com,GPS,40.709706,-73.725044,04/04/2026,386980,2026-04-04 03:56:27,,,,02/27/2025,J1772
ELEC,Parkit 310 E 11th Street - Tesla Destination,310 E 11th St,,New York,NY,10003,,877-798-3752,E,,Public,,,,3.0,,,Tesla Destination,https://www.tesla.com/destination-charging,200-9,40.730017,-73.985512,07/01/2024,115089,2025-02-12 00:16:32,P,,,12/27/2016,J1772 TESLA
ELEC,BELMONT PARK VI BPV ST. 6,2375 Hempstead Turnpike,,Elmont,NY,11003,,888-758-4389,E,,Public,Mon: 8:00am-11:59pm; Tue: 8:00am-11:59pm; Wed: 8:00am-11:59pm; Thu: 8:00am-11:59pm; Fri: 8:00am-11:59pm; Sat: 8:00am-11:59pm; Sun: 8:00am-11:59pm,,,2.0,,,ChargePoint Network,https://www.chargepoint.com,GPS,40.709506,-73.725047,04/04/2026,386974,2026-04-04 03:56:26,,,,02/27/2025,J1772
ELEC,Koeppel Nissan,74-15 Northern Blvd,,Jackson Heights,NY,11372,,877-505-6334,E,,Public - Call ahead,Dealership business hours,,,2.0,1.0,,Non-Networked,,200-9,40.755072,-73.892094,02/12/2024,85969,2025-02-12 00:16:32,P,,,03/01/2017,CHADEMO J1772 J1772COMBO
ELEC,LAZ Parking 133-59 Roosevelt Ave - Tesla Destination,133-59 Roosevelt Ave,,Flushing,NY,11354,,877-798-3752,E,,Public,,,,4.0,,,Tesla Destination,https://www.tesla.com/destination-charging,200-8,40.758956,-73.832331,07/01/2024,150578,2025-02-12 00:16:32,P,,,03/31/2019,TESLA
ELEC,50th E 79th St - Lower and Upper Floor,50 E 79th St,,New York,NY,10075,,813-492-5220,E,,Public,24 hours daily,A ANDROID_PAY APPLE_PAY D M V,,10.0,,,EVOKE,https://evokesystems.com,GPS,40.776086,-73.962119,09/12/2025,421056,2026-03-31 19:51:34,P,,,10/16/2024,J1772
ELEC,51 W 56th St - Garage,51 W 56th St,,New York,NY,10019,,813-492-5220,E,,Public,24 hours daily,A ANDROID_PAY APPLE_PAY D M V,,4.0,,,EVOKE,https://evokesystems.com,GPS,40.76339,-73.975838,09/12/2025,357050,2026-03-31 19:51:34,P,,,08/22/2023,J1772
ELEC,CENTERS HEALTHC EV-1,170 Buffalo Avenue,Lot 1,Brooklyn,NY,11213,,888-758-4389,E,,Public,24 hours daily,,,2.0,,,ChargePoint Network,https://www.chargepoint.com,GPS,40.673435,-73.926002,04/04/2026,329797,2026-04-04 03:31:26,,,,03/05/2024,J1772
ELEC,123 Leonard St,123 Leonard S,,New York,NY,10013,,888-356-8911,E,,Public,24 hours daily,,,4.0,,,FLO,https://www.flo.com,GPS,40.716079,-74.002165,04/04/2026,298593,2026-04-04 05:28:46,,,,06/28/2023,J1772
ELEC,JGU - Jerome Gun Hill Road Municipal Parking Garage,3510 Jerome Avenue,,Bronx,NY,10467,,866-816-7584,E,,Public,Mon: 6:00am-8:00pm; Tue: 6:00am-8:00pm; Wed: 6:00am-8:00pm; Thu: 6:00am-8:00pm; Fri: 6:00am-8:00pm; Sat: 6:00am-8:00pm; Sun: 6:00am-8:00pm,,,4.0,,,EV Connect,https://www.evconnect.com,GPS,40.883325,-73.880406,04/04/2026,327023,2026-04-04 05:05:14,,,,01/30/2024,J1772
ELEC,GGMC Parking 415 E 79th - Tesla Destination,415 E 79th St,,New York,NY,10075,,877-798-3752,E,,Public,,,,3.0,,,Tesla Destination,https://www.tesla.com/destination-charging,200-8,40.771918,-73.951679,07/01/2024,115127,2025-02-12 00:16:32,P,,,12/30/2016,J1772 TESLA
ELEC,Enterprise 61 - Garage,167 E 61st St,,New York,NY,10021,,813-492-5220,E,,Public,24 hours daily,A ANDROID_PAY APPLE_PAY D M V,,4.0,,,EVOKE,https://evokesystems.com,GPS,40.763211,-73.965752,09/12/2025,356941,2026-03-31 19:51:34,P,,,04/19/2022,J1772
ELEC,Outerbridge Commons - Tesla Supercharger,2925 Veterans Road West,,New York,NY,10309,,877-798-3752,E,,Public,24 hours daily. Please check Tesla's online station map to see if an adapter is required at this location.,,,,12.0,,Tesla,https://www.tesla.com/supercharger,GPS,40.527543,-74.23131,07/01/2024,152158,2025-06-09 19:21:51,P,,,01/20/2020,TESLA
ELEC,GGMC Parking 50 E 79th St Garage - Tesla Destination,50 E 79th St,,New York,NY,10075,,877-798-3752,E,,Public,,,,2.0,,,Tesla Destination,https://www.tesla.com/destination-charging,200-9,40.776006,-73.961627,07/01/2024,115144,2025-02-12 00:16:32,P,,,08/21/2015,TESLA
ELEC,Riverview East - Garage,251 E 32nd St,,New York,NY,10016,,813-492-5220,E,,Public,24 hours daily,A ANDROID_PAY APPLE_PAY D M V,,4.0,,,EVOKE,https://evokesystems.com,GPS,40.7438,-73.9769,09/12/2025,356977,2026-03-31 19:51:34,P,,,01/13/2022,J1772
ELEC,Quik Park Brooklyn Bridge LLC - Tesla Destination,4 Joralemon St,,Brooklyn,NY,11201,,877-798-3752,E,,Public,,,,3.0,,,Tesla Destination,https://www.tesla.com/destination-charging,200-8,40.692941,-74.000298,07/01/2024,114904,2025-02-12 00:16:32,P,,,03/11/2016,J1772 TESLA
ELEC,Icon Parking 150 E 58th Street - Tesla Destination,150 E 58th St,,New York,NY,10155,,877-798-3752,E,,Public,,,,3.0,,,Tesla Destination,https://www.tesla.com/destination-charging,200-9,40.76139,-73.968269,07/01/2024,115019,2025-02-12 00:16:32,P,,,04/30/2016,J1772 TESLA
ELEC,ImPark Atlantic Terrace - Tesla Destination,669 Atlantic Ave,,Brooklyn,NY,11217,,877-798-3752,E,,Public,,,,4.0,,,Tesla Destination,https://www.tesla.com/destination-charging,200-8,40.683287,-73.973589,07/01/2024,122478,2025-02-12 00:16:32,P,,,12/19/2018,TESLA
ELEC,MCDONALD'S WILLIAMSBRDG 02,1515 Williamsbridge Rd,,The Bronx,NY,10461,,888-758-4389,E,,Public,24 hours daily,,,2.0,,,ChargePoint Network,https://www.chargepoint.com,GPS,40.844517,-73.846573,04/04/2026,390628,2026-04-04 04:01:29,,,,04/23/2025,J1772
ELEC,35 Red Cross Pl,35 Red Cross Pl,,Brooklyn,NY,11201,,888-356-8911,E,,Public,24 hours daily,,,6.0,,,FLO,https://www.flo.com,GPS,40.699488,-73.989516,04/04/2026,226846,2026-04-04 05:27:33,,,,09/01/2022,J1772
ELEC,Champion Parking W 57th Street - Tesla Destination,320 W 57th St,,New York,NY,10019,,877-798-3752,E,,Public,,,,3.0,,,Tesla Destination,https://www.tesla.com/destination-charging,200-9,40.76696,-73.983569,07/01/2024,115095,2025-02-12 00:16:32,P,,,05/15/2015,J1772 TESLA
ELEC,BHU - Bensonhurst#1 Municipal Parking Field,1763 86th St,,Brooklyn,NY,11214,,866-816-7584,E,,Public,24 hours daily,,,,4.0,,EV Connect,https://www.evconnect.com,GPS,40.608064,-74.002928,04/04/2026,439736,2026-04-04 05:11:13,,,,11/05/2025,CHADEMO J1772COMBO
ELEC,GGMC Parking 10 W 66th St Garage - Tesla Destination,10 W 66th St,,New York,NY,10023,,877-798-3752,E,,Public,,,,2.0,,,Tesla Destination,https://www.tesla.com/destination-charging,200-8,40.772742,-73.979503,07/01/2024,114987,2025-02-12 00:16:32,P,,,08/21/2015,TESLA
ELEC,2750 East 12th St Series,2750 East 12th Street,,Brooklyn,NY,11235,,888-998-2546,E,,Public,24 hours daily,,,2.0,,,Blink Network,https://blinkcharging.com,GPS,40.584291,-73.957752,04/04/2026,383550,2026-04-04 01:09:49,,,,10/07/2024,J1772
ELEC,7 Marcus Garvey Blvd,7 Marcus Garvey Blvd,,Brooklyn,NY,11206,,888-356-8911,E,,Public,24 hours daily,,,2.0,,,FLO,https://www.flo.com,GPS,40.700039,-73.941261,04/04/2026,202055,2026-04-04 05:28:34,,,,12/04/2021,J1772
ELEC,Re-Action Auto Service Center,12-30 Clintonville St,,Whitestone,NY,11357,,949-945-2000,E,,Public,24 hours daily,,,3.0,,,EVGATEWAY,https://evgateway.com,GPS,40.790436,-73.812125,04/04/2026,389418,2026-04-04 06:22:36,,,,04/05/2025,J1772
ELEC,PV Parking 40-07 73rd St - Tesla Destination,40-07 73rd St,,Woodside,NY,11377,,877-798-3752,E,,Public,,,,4.0,,,Tesla Destination,https://www.tesla.com/destination-charging,200-9,40.746481,-73.892258,07/01/2024,115251,2025-02-12 00:16:32,P,,,07/06/2018,TESLA
ELEC,200 East End Ave,200 East End Ave,,New York,NY,10128,,833-611-5965,E,,Public,24 hours daily,,,4.0,,,VIALYNK,https://www.lynkwell.com,GPS,40.77729,-73.94355,04/04/2026,223282,2026-04-04 06:09:32,,,,04/28/2022,J1772
ELEC,iPark 650 Parking Corp - Tesla Destination,80 E 67th St,,New York,NY,10065,,877-798-3752,E,,Public,,,,3.0,,,Tesla Destination,https://www.tesla.com/destination-charging,200-8,40.768144,-73.966736,07/01/2024,115185,2025-02-12 00:16:32,P,,,05/24/2018,J1772 TESLA
ELEC,ProPark 29-10 Broadway - Tesla Destination,29-10 Broadway,,Astoria,NY,11106,,877-798-3752,E,,Public,,,,4.0,,,Tesla Destination,https://www.tesla.com/destination-charging,200-9,40.762332,-73.926968,07/01/2024,150616,2025-02-12 00:16:32,P,,,01/17/2019,TESLA
ELEC,Icon Liberty View Parking - Tesla Destination,400 Murray St,,New York,NY,10016,,877-798-3752,E,,Public,,,,3.0,,,Tesla Destination,https://www.tesla.com/destination-charging,GPS,40.716079,-74.015929,07/01/2024,115121,2025-02-12 00:16:32,P,,,06/13/2017,J1772 TESLA
ELEC,Sheepshead Bay,1524 Sheepshead Bay Rd,,Brooklyn,NY,11235,,888-998-2546,E,,Public,24 hours daily,,,6.0,,,Blink Network,https://blinkcharging.com,GPS,40.585908,-73.95379,04/04/2026,450048,2026-04-04 00:40:11,,,,02/06/2019,J1772
ELEC,C W HYUNDAI CWHUB1,3329 Boston Rd,Charging Hub lot,The Bronx,NY,10469,,888-758-4389,E,,Public,24 hours daily,,,,1.0,,ChargePoint Network,https://www.chargepoint.com,GPS,40.874229,-73.853125,04/04/2026,437617,2026-04-04 04:14:40,,,,10/30/2025,CHADEMO J1772COMBO
ELEC,Icon Parking 54 Murray Street - Tesla Destination,54 Murray St,,New York,NY,10007,,877-798-3752,E,,Public,,,,3.0,,,Tesla Destination,https://www.tesla.com/destination-charging,200-9,40.714266,-74.009921,07/01/2024,115154,2025-02-12 00:16:32,P,,,05/24/2018,J1772 TESLA
ELEC,Coliseum Park Apts - Central Parking,345 W 58th Street,,New York,NY,10019,,888-998-2546,E,,Public,24 hours daily,,,1.0,,,Blink Network,https://blinkcharging.com,GPS,40.768432,-73.984033,04/04/2026,124141,2026-04-04 00:36:51,,,,06/19/2019,J1772
ELEC,181 E 73rd Street,181 East 73rd Street,,New York,NY,10021,,833-611-5965,E,,Public,24 hours daily,,,4.0,,,VIALYNK,https://www.lynkwell.com,GPS,40.77082,-73.96068,04/04/2026,223299,2026-04-04 06:09:27,,,,05/20/2022,J1772
ELEC,PANYNJ LGA WEST 4,LGA West Garage LaGuardia Airport,,East Elmhurst,NY,11371,,888-758-4389,E,,Public,24 hours daily,,,1.0,,,ChargePoint Network,https://www.chargepoint.com,GPS,40.772977,-73.875474,04/04/2026,180141,2026-04-04 01:39:11,,,,01/27/2021,J1772
ELEC,Revel - Long Island City,28-17 42nd Rd,,Queens,NY,11206,,,E,,Public,24 hours daily,A D Debit M V,,,14.0,,REVEL,https://gorevel.com,GPS,40.699334,-73.949665,02/13/2026,358436,2026-02-13 16:34:38,P,,,10/08/2024,J1772COMBO TESLA
ELEC,Icon Parking Wall Park - Tesla Destination,39 Exchange Pl,,New York,NY,10005,,877-798-3752,E,,Public,,,,3.0,,,Tesla Destination,https://www.tesla.com/destination-charging,200-8,40.705922,-74.010175,07/01/2024,115116,2025-02-12 00:16:32,P,,,12/29/2016,J1772 TESLA
ELEC,Gotham Point Apts - Parking,1-15 57th Ave,,Long Island City,NY,11101,,813-492-5220,E,,Public,24 hours daily,A ANDROID_PAY APPLE_PAY D M V,,10.0,,,EVOKE,https://evokesystems.com,GPS,40.739489,-73.961655,09/12/2025,356906,2026-03-31 19:51:34,P,,,11/21/2022,J1772
ELEC,20RTAC GARAGE TOP,211 North End Ave,,New York,NY,10282,,888-758-4389,E,,Public,24 hours daily,,,2.0,,,ChargePoint Network,https://www.chargepoint.com,GPS,40.716132,-74.015557,04/04/2026,254305,2026-04-04 03:03:57,,,,02/21/2023,J1772
ELEC,555 Kappock St - Garage,555 Kappock St,,The Bronx,NY,10463,,,E,,Public,24 hours daily,A ANDROID_PAY APPLE_PAY D M V,,24.0,,,EVOKE,https://evokesystems.com,GPS,40.878087,-73.917051,09/12/2025,357060,2026-03-31 19:51:34,P,,,10/20/2023,J1772
ELEC,MPG The Shops at Skyview - Tesla Destination,40-24 College Point Blvd,,Flushing,NY,11354,,877-798-3752,E,,Public,,,,3.0,,,Tesla Destination,https://www.tesla.com/destination-charging,200-9,40.75674,-73.836223,07/01/2024,114939,2025-02-12 00:16:32,P,,,02/22/2018,TESLA
ELEC,Bristol Plaza - Garage,200 E 65th St,,New York,NY,10065,,813-492-5220,E,,Public,24 hours daily,A ANDROID_PAY APPLE_PAY D M V,,8.0,,,EVOKE,https://evokesystems.com,GPS,40.764955,-73.963483,09/12/2025,356952,2026-03-31 19:51:34,P,,,06/26/2023,J1772
ELEC,Rapidpark 70 Riverside Dr - Tesla Destination,70 Riverside Dr,,New York,NY,10024,,877-798-3752,E,,Public,,,,2.0,,,Tesla Destination,https://www.tesla.com/destination-charging,200-9,40.784831,-73.982085,07/01/2024,115180,2025-02-12 00:16:32,P,,,10/20/2016,TESLA
ELEC,532 Neptune Avenue,532 Neptune Ave,,Brooklyn,NY,11224,,,E,,Public,24 hours daily,A ACCOUNT_BALANCE ANDROID_PAY APPLE_PAY CREDIT D M V,,8.0,,,Non-Networked,,200-8,40.57978,-73.97439,05/09/2024,334200,2025-02-12 00:16:32,P,,,06/13/2023,J1772
ELEC,Apple West Parking,303 West 96th Street,,New York,NY,10025,,888-998-2546,E,,Public,24 hours daily,,,4.0,,,Blink Network,https://blinkcharging.com,GPS,40.795783,-73.973678,04/04/2026,163485,2026-04-04 00:42:17,,,,06/19/2020,J1772
ELEC,1 WATERLINE STATION#4,10 Riverside Blvd,Waterline 1 garage,New York,NY,10069,,888-758-4389,E,,Public,24 hours daily,,,2.0,,,ChargePoint Network,https://www.chargepoint.com,GPS,40.77292,-73.992546,04/04/2026,207888,2026-04-04 02:45:51,,,,03/10/2022,J1772
ELEC,Port Washington High School Lower Parking Lot,100 Campus Dr,,Port Washington,NY,11050,,833-611-5965,E,,Public,24 hours daily,,,6.0,,,VIALYNK,https://www.lynkwell.com,GPS,40.831,-73.68234,04/04/2026,440808,2026-04-04 06:12:08,,,,11/08/2025,J1772
ELEC,MASPETH FEDERAL STATION 1,101-09 Metropolitan Ave,,Forest Hills,NY,11375,,888-758-4389,E,,Public,24 hours daily,,,2.0,,,ChargePoint Network,https://www.chargepoint.com,GPS,40.710752,-73.851417,04/04/2026,193535,2026-04-04 02:31:03,,,,08/06/2021,J1772
ELEC,NYC FLEET DPR_VCP-S1,189 Van Cortlandt Ave W Major Deegan Expy,FOR CITY VEHICLE USE,The Bronx,NY,10471,,888-758-4389,E,,Public,24 hours daily,,,1.0,,,ChargePoint Network,https://www.chargepoint.com,GPS,40.887761,-73.894926,04/04/2026,193838,2026-04-04 02:33:34,,,,08/13/2021,J1772
ELEC,HARBOR HOUSE HOC 9,3 Davenport Ave,Spots 27 and 28,New Rochelle,NY,10805,,888-758-4389,E,,Public,24 hours daily,,,2.0,,,ChargePoint Network,https://www.chargepoint.com,GPS,40.905842,-73.773474,04/04/2026,303841,2026-04-04 03:19:22,,,,08/01/2023,J1772
ELEC,SMJ WOODHAVEN SMJ WOODHAVE 17,85-01 68 road,,queens,NY,11374,,888-758-4389,E,,Public,24 hours daily,,,1.0,,,ChargePoint Network,https://www.chargepoint.com,GPS,40.715441,-73.859112,04/04/2026,453512,2026-04-04 04:22:12,,,,03/12/2026,J1772
ELEC,PANYNJ LGA WEST 1,LGA West Garage LaGuardia Airport,Terminal B parking garage,Flushing,NY,11371,,888-758-4389,E,,Public,24 hours daily,,,1.0,,,ChargePoint Network,https://www.chargepoint.com,GPS,40.773116,-73.874977,04/04/2026,162285,2026-04-04 01:39:19,,,,06/12/2020,J1772
ELEC,Port Washington School District John Phillip Sousa Middle School,101 Sands Point Rd,,Port Washington,NY,11050,,833-611-5965,E,,Public,24 hours daily,,,6.0,,,VIALYNK,https://www.lynkwell.com,GPS,40.8473,-73.71097,04/04/2026,446423,2026-04-04 06:12:11,,,,11/25/2025,J1772
ELEC,C&C Parking Lot - Tesla Destination,3580 Webster Ave,,New York,NY,10467,,877-798-3752,E,,Public,,,,1.0,,,Tesla Destination,https://www.tesla.com/destination-charging,GPS,40.881544,-73.870115,07/01/2024,358745,2025-02-12 00:16:32,P,,,07/01/2024,TESLA
ELEC,CORP COMM 3 STATION 1 CC3,Teleport Dr/Corp Commons Bldg,"Parking Garage, 2nd Floor",Staten Island,NY,10314,,888-758-4389,E,,Public,24 hours daily,,,2.0,,,ChargePoint Network,https://www.chargepoint.com,GPS,40.604213,-74.179561,04/04/2026,252139,2026-04-04 02:21:57,,,,01/26/2023,J1772
ELEC,Icon Parking 237 West Thames - Tesla Destination,237 W Thames,,New York,NY,10280,,877-798-3752,E,,Public,,,,3.0,,,Tesla Destination,https://www.tesla.com/destination-charging,200-8,40.708165,-74.016641,07/01/2024,115062,2025-02-12 00:16:32,P,,,05/24/2018,J1772 TESLA
ELEC,Citizen 360 Condominium,360 E 89th St,,New York,NY,10128,,888-385-6671,E,,Public - Credit card at all times,24 hours daily,A ACCOUNT_BALANCE ANDROID_PAY APPLE_PAY D M V,,1.0,,,LOOP,https://loopglobal.com,GPS,40.77873,-73.94838,03/12/2026,399683,2026-03-12 20:29:51,P,,,08/21/2023,J1772
ELEC,Pine Brook Fitness,130 Rhodes,,New Rochelle,NY,10801,,833-611-5965,E,,Public,24 hours daily,,,2.0,,,VIALYNK,https://www.lynkwell.com,GPS,40.91754,-73.77662,04/04/2026,334489,2026-04-04 06:10:31,,,,05/02/2024,J1772
ELEC,Highgate - Garage,182 E 95th St,,New York,NY,10128,,813-492-5220,E,,Public,24 hours daily,A ANDROID_PAY APPLE_PAY D M V,,8.0,,,EVOKE,https://evokesystems.com,GPS,40.784219,-73.950323,09/12/2025,356947,2026-03-31 19:51:34,P,,,12/29/2021,J1772
ELEC,Icon Parking 203 E 61 Street - Tesla Destination,203 E 61 St,,New York,NY,10021,,877-798-3752,E,,Public,,,,3.0,,,Tesla Destination,https://www.tesla.com/destination-charging,200-8,40.762678,-73.965447,07/01/2024,115046,2025-02-12 00:16:32,P,,,04/30/2016,J1772 TESLA
ELEC,170 FREEMAN 10,170 Freeman Street,,Brooklyn,NY,11222,,888-758-4389,E,,Public,24 hours daily,,,1.0,,,ChargePoint Network,https://www.chargepoint.com,GPS,40.7343,-73.954637,04/04/2026,434737,2026-04-04 04:09:19,,,,10/24/2025,J1772
ELEC,Icon Parking 14-26 William Street - Tesla Destination,14-26 William St,,New York,NY,10004,,877-798-3752,E,,Public,,,,3.0,,,Tesla Destination,https://www.tesla.com/destination-charging,200-8,40.704514,-74.01074,07/01/2024,115014,2025-02-12 00:16:32,P,,,04/30/2016,J1772 TESLA
ELEC,Romaine Ave,71-99 Romaine Ave,,Yonkers,NY,10705,,866-816-7584,E,,Public,24 hours daily,,,2.0,,,EV Connect,https://www.evconnect.com,GPS,40.91961,-73.895709,04/04/2026,260246,2026-04-04 05:08:04,,,,05/03/2023,J1772
ELEC,Steelbrook Plaza (Mario Pizza Entrance),700 Rockaway Turnpike,,Lawrence,NY,11559,,,E,,Public,24 hours daily,A CREDIT D Debit M V,,6.0,,,Non-Networked,,200-8,40.63475,-73.73928,09/12/2024,349772,2025-02-12 00:16:32,P,,,05/15/2024,J1772
ELEC,70-31 108th Street - Indoor Garage,70-31A 108th St,,Queens,NY,11375,,813-492-5220,E,,Public,24 hours daily,A ANDROID_PAY APPLE_PAY D M V,,12.0,,,EVOKE,https://evokesystems.com,GPS,40.722079,-73.843696,09/12/2025,421063,2026-03-31 19:51:34,P,,,11/25/2024,J1772
ELEC,East 71st Parking - Basement,135 E 71st St,,New York,NY,10021,,813-492-5220,E,,Public,24 hours daily,A ANDROID_PAY APPLE_PAY D M V,,10.0,,,EVOKE,https://evokesystems.com,GPS,40.770094,-73.962964,09/12/2025,356920,2026-03-31 19:51:34,P,,,12/18/2022,J1772
ELEC,Chelsea29 - Tesla Destination,221 W 29th St,,New York,NY,10001,,877-798-3752,E,,Public,,,,6.0,,,Tesla Destination,https://www.tesla.com/destination-charging,GPS,40.748395,-73.9937,07/01/2024,358788,2025-02-12 00:16:32,P,,,07/01/2024,J1772 TESLA
ELEC,iPark 3 E 67th Street - Tesla Destination,3 E 67th St,,New York,NY,10065,,877-798-3752,E,,Public,,,,3.0,,,Tesla Destination,https://www.tesla.com/destination-charging,200-8,40.769061,-73.96876,07/01/2024,115080,2025-02-12 00:16:32,P,,,03/10/2017,J1772 TESLA
ELEC,GGMC Parking - 550 W 25th - Tesla Destination,550 W 25th St,,New York,NY,10001,,877-798-3752,E,,Public,,,,2.0,,,Tesla Destination,https://www.tesla.com/destination-charging,200-9,40.74979,-74.005335,07/01/2024,115160,2025-02-12 00:16:32,P,,,08/21/2015,J1772 TESLA
ELEC,101 W 90th-101 W 90th,101 W 90th St,,New York,NY,10024,,813-492-5220,E,,Public,24 hours daily,A ANDROID_PAY APPLE_PAY D M V,,5.0,,,EVOKE,https://evokesystems.com,GPS,40.789359,-73.970506,09/12/2025,421023,2026-03-31 19:51:34,P,,,07/17/2024,J1772
ELEC,iPark 10 West 15th - Tesla Destination,10 W 15th,,New York,NY,10011,,877-798-3752,E,,Public,,,,3.0,,,Tesla Destination,https://www.tesla.com/destination-charging,200-8,40.737171,-73.994331,07/01/2024,114986,2025-02-12 00:16:32,P,,,05/30/2018,J1772 TESLA
ELEC,Sutton Place North Garage - Tesla Destination,420 E 54th St,,New York,NY,10022,,877-798-3752,E,,Public,,,,2.0,,,Tesla Destination,https://www.tesla.com/destination-charging,200-9,40.75552,-73.962734,07/01/2024,115131,2025-02-12 00:16:32,P,,,07/17/2018,TESLA
ELEC,1 Hotel Brooklyn Bridge - Tesla Destination,60 Furman St,,Brooklyn,NY,11201,,877-798-3752,E,,Public,,,,7.0,,,Tesla Destination,https://www.tesla.com/destination-charging,200-9,40.701461,-73.995566,07/01/2024,114908,2025-02-12 00:16:32,P,,,04/06/2017,J1772 TESLA
ELEC,Stop & Shop - Tesla Supercharger,134-40 Springfield Blvd,,Queens,NY,11413,,877-798-3752,E,,Public,24 hours daily,A D Debit M V,,,20.0,,Tesla,https://www.tesla.com/supercharger,GPS,40.680066,-73.754437,06/06/2025,397005,2026-02-02 23:16:24,P,,,05/23/2025,J1772COMBO TESLA
ELEC,EVolve NY Queens LaGuardia Airport,LaGuardia Airport Lot GP-1,,Queens,NY,11371,,833-632-2778,E,,Public,24 hours daily,,,,12.0,,Electrify America,https://www.electrifyamerica.com,GPS,40.77057,-73.87995,04/04/2026,451663,2026-04-04 04:51:34,,,,02/20/2026,J1772COMBO
ELEC,Raymour & Flanigan - Tesla Supercharger,3035 Cropsey Ave,,Brooklyn,NY,11224,,877-798-3752,E,,Public,24 hours daily. Please check Tesla's online station map to see if an adapter is required at this location.,A D Debit M V,,,12.0,,Tesla,https://www.tesla.com/supercharger,GPS,40.581175,-73.985218,07/01/2024,321155,2025-02-12 00:16:32,P,,,11/30/2023,J1772COMBO TESLA
ELEC,Icon Parking 524 East 73rd - Tesla Destination,524 E 73rd St,,New York,NY,10021,,877-798-3752,E,,Public,,,,3.0,,,Tesla Destination,https://www.tesla.com/destination-charging,200-9,40.766736,-73.951891,07/01/2024,115149,2025-02-12 00:16:32,P,,,10/17/2018,J1772 TESLA
ELEC,The Carlton - Basement,1065 Park Ave,,New York,NY,10128,,813-492-5220,E,,Public,24 hours daily,A ANDROID_PAY APPLE_PAY D M V,,10.0,,,EVOKE,https://evokesystems.com,GPS,40.78104,-73.956345,09/12/2025,356889,2026-03-31 19:51:34,P,,,02/07/2023,J1772
ELEC,540 WAVERLY 2,540 Waverly Ave,At the ground floor parking garage in the rear,Brooklyn,NY,11238,,888-758-4389,E,,Public,24 hours daily,,,2.0,,,ChargePoint Network,https://www.chargepoint.com,GPS,40.681764,-73.965799,04/04/2026,323912,2026-04-04 03:00:56,,,,01/05/2024,J1772
ELEC,iPark 107 West 13th Street - Tesla Destination,107 W 13th St,,New York,NY,10011,,877-798-3752,E,,Public,,,,3.0,,,Tesla Destination,https://www.tesla.com/destination-charging,200-9,40.736973,-73.99787,07/01/2024,114997,2025-02-12 00:16:32,P,,,02/26/2018,J1772 TESLA
ELEC,Icon Parking,959 Sterling Pl,,Brooklyn,NY,11213,,877-727-5464,E,,Public,24 hours daily,A ACCOUNT_BALANCE ANDROID_PAY APPLE_PAY CREDIT M V,,21.0,,,NAYAX_ENERGY,https://www.nayax.com/solution/nayax-energy-core,GPS,40.672687,-73.946765,01/13/2026,448718,2026-02-02 23:16:24,P,,,07/01/2025,J1772
ELEC,170 FREEMAN 15,1036 Manhattan Ave,,Brooklyn,NY,11222,,888-758-4389,E,,Public,24 hours daily,,,1.0,,,ChargePoint Network,https://www.chargepoint.com,GPS,40.734221,-73.954615,04/04/2026,417259,2026-04-04 04:09:20,,,,07/30/2025,J1772
ELEC,STATION 4TH FL MOTORGATE 3,680 Main St,Motorgate Garage -Fourth Level,New York,NY,10044,,888-758-4389,E,,Public,24 hours daily,,,2.0,,,ChargePoint Network,https://www.chargepoint.com,GPS,40.764464,-73.946924,04/04/2026,168524,2026-04-04 02:22:59,,,,11/17/2020,J1772
ELEC,Honda of Staten Island,1232 Hylan Boulevard,,Staten Island,NY,10305,,888-998-2546,E,,Public,24 hours daily,,,1.0,1.0,,Blink Network,https://blinkcharging.com,GPS,40.597511,-74.083684,04/04/2026,341872,2026-04-04 00:52:24,,,,05/08/2024,J1772 J1772COMBO
ELEC,ABM Parking 866 UN Plaza - Tesla Destination,430 E 49th St,,New York,NY,10017,,877-798-3752,E,,Public,,,,3.0,,,Tesla Destination,https://www.tesla.com/destination-charging,200-8,40.752641,-73.965187,07/01/2024,115136,2025-02-12 00:16:32,P,,,04/18/2018,J1772 TESLA
ELEC,SMJ WOODHAVEN SMJ WOODHAVEN 9,85-01 68th Road,,queens,NY,11374,,888-758-4389,E,,Public,24 hours daily,,,1.0,,,ChargePoint Network,https://www.chargepoint.com,GPS,40.71546,-73.859351,04/04/2026,454048,2026-04-04 04:22:15,,,,03/13/2026,J1772
ELEC,INDUSTRY CITY LOT B WEST,533 2nd Ave,Parking lot B,Brooklyn,NY,11232,,888-758-4389,E,,Public,24 hours daily,,,2.0,,,ChargePoint Network,https://www.chargepoint.com,GPS,40.659333,-74.006419,04/04/2026,122592,2026-04-04 01:49:55,,,,05/03/2019,J1772
ELEC,PANYNJ LGA E GARAGE W1,East Garage E End Rd LaGuardia Airport,"LGA East Garage, West End",New York,NY,11371,,888-758-4389,E,,Public,24 hours daily,,,2.0,,,ChargePoint Network,https://www.chargepoint.com,GPS,40.770752,-73.866327,04/04/2026,180166,2026-04-04 01:17:19,,,,01/27/2021,J1772
ELEC,"The Standard, High Line - Tesla Destination",848 Washington St,,New York,NY,10014,,877-798-3752,E,,Public,,,,3.0,,,Tesla Destination,https://www.tesla.com/destination-charging,200-9,40.740939,-74.00824,07/01/2024,115189,2025-02-12 00:16:32,P,,,01/24/2017,J1772 TESLA
ELEC,Andaz Wall Street - Tesla Destination,75 Wall St,,New York,NY,10005,,877-798-3752,E,,Public,,,,1.0,,,Tesla Destination,https://www.tesla.com/destination-charging,200-9,40.705115,-74.008089,07/01/2024,122491,2025-02-12 00:16:32,P,,,07/16/2015,TESLA
ELEC,GGMC Parking 51-53 E 76th St Carlyle Hotel - Tesla Destination,53 E 76th St,,New York,NY,10021,,877-798-3752,E,,Public,,,,2.0,,,Tesla Destination,https://www.tesla.com/destination-charging,200-8,40.774207,-73.96282,07/01/2024,115150,2025-02-12 00:16:32,P,,,09/25/2015,J1772 TESLA
ELEC,1 WATERLINE STATION#7,10 Riverside Blvd,Waterline 1 garage,New York,NY,10019,,888-758-4389,E,,Public,24 hours daily,,,2.0,,,ChargePoint Network,https://www.chargepoint.com,GPS,40.772839,-73.992493,04/04/2026,237081,2026-04-04 02:47:12,,,,12/05/2022,J1772
ELEC,170 E End Ave,170 E End Ave,,New York,NY,10128,,888-356-8911,E,,Public,24 hours daily,,,2.0,,,FLO,https://www.flo.com,GPS,40.775792,-73.944015,04/04/2026,194168,2026-04-04 05:28:27,,,,08/21/2021,J1772
ELEC,Bronx Honda Service,1133 Zerega Ave,,Bronx,NY,10462,,,E,,Public,24 hours daily,A ACCOUNT_BALANCE ANDROID_PAY APPLE_PAY CREDIT D M V,,2.0,,,Non-Networked,,200-8,40.83174,-73.84485,05/09/2024,333883,2025-02-12 00:16:32,P,,,11/28/2023,J1772
ELEC,"Imperial Parking- 332-342 E 34th St New York, New York 10016",332-342 E 34th St,,New York,NY,10016,,888-998-2546,E,,Public,24 hours daily,,,2.0,,,Blink Network,https://blinkcharging.com,GPS,40.744011,-73.974116,04/04/2026,169851,2026-04-04 00:48:05,,,,12/03/2020,J1772
ELEC,"Trump Golf Links, Ferry Point - Tesla Destination",500 Hutchinson River Parkway,,Bronx,NY,10465,,877-798-3752,E,,Public,,,,8.0,,,Tesla Destination,https://www.tesla.com/destination-charging,200-8,40.812459,-73.83447,07/01/2024,169223,2025-02-12 00:16:32,P,,,08/20/2018,TESLA
ELEC,SWTCH Energy,1 Huron St,,Brooklyn,NY,11222,,,E,,Public,24 hours daily,,,2.0,,,SWTCH,https://swtchenergy.com,GPS,40.732666,-73.960707,01/13/2026,420055,2026-02-02 23:16:24,P,,,06/27/2025,J1772
ELEC,IMPark 353 4th Ave - Tesla Destination,353 4th Ave,,Brooklyn,NY,11215,,877-798-3752,E,,Public,,,,4.0,,,Tesla Destination,https://www.tesla.com/destination-charging,200-8,40.673235,-73.986232,07/01/2024,122475,2025-02-12 00:16:32,P,,,02/12/2019,TESLA
ELEC,GGMC Parking MODA - Tesla Destination,89-14 Parsons Blvd,,Jamaica,NY,11432,,877-798-3752,E,,Public,,,,7.0,,,Tesla Destination,https://www.tesla.com/destination-charging,200-9,40.705133,-73.801443,07/01/2024,150686,2025-02-12 00:16:32,P,,,10/17/2018,J1772 TESLA
ELEC,Rapidpark 210 W 102nd Street - Tesla Destination,210 W 102st St,,New York,NY,10025,,877-798-3752,E,,Public,,,,3.0,,,Tesla Destination,https://www.tesla.com/destination-charging,200-9,40.798108,-73.968204,07/01/2024,115051,2025-02-12 00:16:32,P,,,08/17/2017,J1772 TESLA
ELEC,MTP 625 W 57th Street - Tesla Destination,625 W 57th St,,New York,NY,10019,,877-798-3752,E,,Public,,,,3.0,,,Tesla Destination,https://www.tesla.com/destination-charging,200-9,40.77108,-73.993142,07/01/2024,115176,2025-02-12 00:16:32,P,,,06/13/2017,TESLA
ELEC,GREATNECK PLAZA PLAZA CENTER,2 Gussack Plaza,"Village of Great Neck Plaza ""Plaza Centre"" parking garage, follow traffic flow signs back down to street level B, station to the right.",Great Neck,NY,11022,,888-758-4389,E,,Public,24 hours daily,,,2.0,,,ChargePoint Network,https://www.chargepoint.com,GPS,40.787424,-73.729999,04/04/2026,250806,2026-04-04 01:32:35,,,,01/17/2023,J1772
ELEC,113 East 84th Street,113 East 84th Street,,New York,NY,10028,,833-611-5965,E,,Public,24 hours daily,,,4.0,,,VIALYNK,https://www.lynkwell.com,GPS,40.77866,-73.95739,04/04/2026,334518,2026-04-04 06:10:43,,,,05/02/2024,J1772
ELEC,HAMPTON INN STATION 5,1120 South Ave,Side of Hampton Inn & Suites,Staten Island,NY,10314,,888-758-4389,E,,Public,24 hours daily,,,2.0,,,ChargePoint Network,https://www.chargepoint.com,GPS,40.612706,-74.179076,04/04/2026,181664,2026-04-04 02:21:19,,,,01/27/2021,J1772
ELEC,"Shopcore Skyview Mall (Flushing, NY)","40-24 College Point Blvd, Suite B215",,Flushing,NY,11354,,833-632-2778,E,,Public,24 hours daily,,,1.0,3.0,,Electrify America,https://www.electrifyamerica.com,GPS,40.75619,-73.8363,04/04/2026,146876,2026-04-04 04:53:56,,,,10/11/2019,J1772 J1772COMBO
ELEC,NYC FLEET DCASCSTHSE_1_L3,6626 Metropolitan Ave,FOR CITY VEHICLE USE,Middle Village,NY,11379,,888-758-4389,E,,Public,24 hours daily,,,,1.0,,ChargePoint Network,https://www.chargepoint.com,GPS,40.711327,-73.89229,04/04/2026,196564,2026-04-04 02:16:55,,,,10/01/2021,CHADEMO J1772COMBO
ELEC,462 Keap St,462 Keap St,,Brooklyn,NY,11211,,888-385-6671,E,,Public,24 hours daily,A ACCOUNT_BALANCE ANDROID_PAY APPLE_PAY D M V,,6.0,,,LOOP,https://loopglobal.com,GPS,40.71308,-73.95194,03/12/2026,453137,2026-03-26 14:43:02,P,,,01/10/2024,J1772
ELEC,1 WATERLINE STATION#2,10 Riverside Blvd,Waterline 1 garage,New York,NY,10069,,888-758-4389,E,,Public,24 hours daily,,,2.0,,,ChargePoint Network,https://www.chargepoint.com,GPS,40.772952,-73.992622,04/04/2026,207731,2026-04-04 02:45:51,,,,03/08/2022,J1772
ELEC,Enterprise Parking 219 E 69th St - Tesla Destination,219 E 69th St,,New York,NY,10065,,877-798-3752,E,,Public,,,,3.0,,,Tesla Destination,https://www.tesla.com/destination-charging,200-9,40.767342,-73.960835,07/01/2024,168757,2025-02-12 00:16:32,P,,,12/09/2016,J1772 TESLA
ELEC,GGMC Parking Carnegie Garage - Tesla Destination,40 E 94th St,,New York,NY,10128,,877-798-3752,E,,Public,,,,3.0,,,Tesla Destination,https://www.tesla.com/destination-charging,200-9,40.78567,-73.954593,07/01/2024,115117,2025-02-12 00:16:32,P,,,08/21/2015,J1772 TESLA
ELEC,NE Bronx YMCA - Parking Lot,1250 E 229th St,,Bronx,NY,10466,,813-492-5220,E,,Public,24 hours daily,A ANDROID_PAY APPLE_PAY D M V,,4.0,,,EVOKE,https://evokesystems.com,GPS,40.883,-73.8421,09/12/2025,356916,2026-03-31 19:51:34,P,,,12/13/2021,J1772
ELEC,1 WATERLINE STATION#6,10 Riverside Blvd,Waterline 1 garage,New York,NY,10069,,888-758-4389,E,,Public,24 hours daily,,,2.0,,,ChargePoint Network,https://www.chargepoint.com,GPS,40.772912,-73.992589,04/04/2026,207889,2026-04-04 02:45:54,,,,03/10/2022,J1772
ELEC,1 WATERLINE STATION#9,10 Riverside Blvd,Waterline 1 garage,New York,NY,10069,,888-758-4389,E,,Public,24 hours daily,,,2.0,,,ChargePoint Network,https://www.chargepoint.com,GPS,40.772916,-73.99263,04/04/2026,316934,2026-04-04 02:49:50,,,,11/08/2023,J1772
ELEC,Mt. Vernon Lot #3-AUTHORIZED VEHICLES ONLY,45 South 1st Avenue,,Mount Vernon,NY,10550,,888-356-8911,E,,Public,24 hours daily,,,12.0,,,FLO,https://www.flo.com,GPS,40.910435,-73.832996,04/04/2026,456307,2026-04-04 05:31:41,,,,03/24/2026,J1772
ELEC,Flushing Plaza,41-61 Kissena Blvd,,Flushing,NY,11355,,866-816-7584,E,,Public,24 hours daily,,,6.0,,,EV Connect,https://www.evconnect.com,GPS,40.757772,-73.826935,04/04/2026,230791,2026-04-04 05:05:04,,,,09/30/2022,J1772
ELEC,375 Lefferts Ave,375 Lefferts Ave,,Brooklyn,NY,11225,,888-385-6671,E,,Public - Credit card at all times,24 hours daily,A ACCOUNT_BALANCE ANDROID_PAY APPLE_PAY D M V,,5.0,,,LOOP,https://loopglobal.com,GPS,40.66251,-73.94886,03/12/2026,399679,2026-03-12 20:29:51,P,,,12/01/2023,J1772
ELEC,COMMERCIAL 1 COM1-4,365 W 25th St,,New York,NY,10001,,888-758-4389,E,,Public,24 hours daily,,,,1.0,,ChargePoint Network,https://www.chargepoint.com,GPS,40.747285,-74.000179,04/04/2026,447019,2026-04-04 04:17:11,,,,12/07/2025,CHADEMO J1772COMBO
ELEC,DEEPDALE MANAGEMENT,249-31 61st Ave,,Queens,NY,11362,,888-758-4389,E,,Public,24 hours daily,,,2.0,,,ChargePoint Network,https://www.chargepoint.com,GPS,40.757564,-73.728618,04/04/2026,307006,2026-04-04 03:18:49,,,,08/15/2023,J1772
ELEC,Parker Towers 70 - Garage 70,104-70 Queens Blvd,,Forest Hills,NY,11375,,813-492-5220,E,,Public,24 hours daily,A ANDROID_PAY APPLE_PAY D M V,,10.0,,,EVOKE,https://evokesystems.com,GPS,40.7231,-73.8483,09/12/2025,356887,2026-03-31 19:51:34,P,,,11/20/2021,J1772
ELEC,Parkright 169 Ludlow Street - Tesla Destination,169 Ludlow St,,New York,NY,10012,,877-798-3752,E,,Public,,,,3.0,,,Tesla Destination,https://www.tesla.com/destination-charging,200-9,40.721713,-73.987533,07/01/2024,115029,2025-02-12 00:16:32,P,,,05/24/2018,J1772 TESLA
ELEC,Parkit 575 Washington - Tesla Destination,575 Washington St,,New York,NY,10014,,877-798-3752,E,,Public,,,,6.0,,,Tesla Destination,https://www.tesla.com/destination-charging,200-9,40.729364,-74.008513,07/01/2024,115164,2025-02-12 00:16:32,P,,,06/01/2015,J1772 TESLA
ELEC,SMJ WOODHAVEN SMJ WOODHAVE 14,85-01 68th Road,,queens,NY,11374,,888-758-4389,E,,Public,24 hours daily,,,1.0,,,ChargePoint Network,https://www.chargepoint.com,GPS,40.715461,-73.859201,04/04/2026,453519,2026-04-04 04:22:14,,,,03/12/2026,J1772
ELEC,PANYNJ JFK Y GARAGE 5,JFK Access Road JFK International Airport,Yellow garage first floor near elevator,Queens,NY,11430,,888-758-4389,E,,Public,24 hours daily,,,2.0,,,ChargePoint Network,https://www.chargepoint.com,GPS,40.646587,-73.780259,04/04/2026,174642,2026-04-04 01:59:07,,,,01/27/2021,J1772
ELEC,277 Park Avenue,277 Park Avenue,,New York,NY,10172,,866-816-7584,E,,Public,24 hours daily,,,20.0,,,EV Connect,https://www.evconnect.com,GPS,40.75519,-73.974142,04/04/2026,198016,2026-04-04 05:06:01,,,,10/19/2021,J1772
ELEC,iPark 112 E 65th Street - Tesla Destination,112 E 65th St,,New York,NY,10065,,877-798-3752,E,,Public,,,,3.0,,,Tesla Destination,https://www.tesla.com/destination-charging,200-8,40.766495,-73.9667,07/01/2024,115001,2025-02-12 00:16:32,P,,,02/26/2018,J1772 TESLA
ELEC,Century Parking Corp - Tesla Destination,2600 Netherland Ave,,Bronx,NY,10463,,877-798-3752,E,,Public,,,,4.0,,,Tesla Destination,https://www.tesla.com/destination-charging,200-9,40.878304,-73.915227,07/01/2024,114888,2025-02-12 00:16:32,P,,,07/17/2018,TESLA
ELEC,Parkright 257 Gold Street - Tesla Destination,257 Gold St,,Brooklyn,NY,11201,,877-798-3752,E,,Public,,,,3.0,,,Tesla Destination,https://www.tesla.com/destination-charging,200-9,40.696848,-73.983071,07/01/2024,114895,2025-02-12 00:16:32,P,,,11/13/2015,J1772 TESLA
ELEC,imPark 101 Bedford Ave - Tesla Destination,101 Bedford Ave,,Brooklyn,NY,11211,,877-798-3752,E,,Public,,,,3.0,,,Tesla Destination,https://www.tesla.com/destination-charging,200-9,40.719751,-73.954866,07/01/2024,114918,2025-02-12 00:16:32,P,,,01/09/2018,J1772 TESLA
ELEC,Icon Parking 150 Charles Street - Tesla Destination,150 Charles St,,New York,NY,10014,,877-798-3752,E,,Public,,,,3.0,,,Tesla Destination,https://www.tesla.com/destination-charging,200-9,40.734006,-74.009079,07/01/2024,115018,2025-02-12 00:16:32,P,,,11/02/2017,J1772 TESLA
ELEC,170 FREEMAN 12,170 Freeman Street,,Brooklyn,NY,11222,,888-758-4389,E,,Public,24 hours daily,,,1.0,,,ChargePoint Network,https://www.chargepoint.com,GPS,40.734242,-73.954566,04/04/2026,449139,2026-04-04 04:19:34,,,,01/09/2026,J1772
ELEC,170 FREEMAN 13,170 Freeman Street,,Brooklyn,NY,11222,,888-758-4389,E,,Public,24 hours daily,,,1.0,,,ChargePoint Network,https://www.chargepoint.com,GPS,40.734317,-73.95471,04/04/2026,417630,2026-04-04 04:09:19,,,,08/07/2025,J1772
ELEC,Bruno's Bakery and Restaurant Forest Ave - Tesla Destination,676 Forest Ave,,Staten Island,NY,10310,,877-798-3752,E,,Public,,,,2.0,,,Tesla Destination,https://www.tesla.com/destination-charging,200-9,40.629216,-74.111537,07/01/2024,150541,2025-02-12 00:16:32,P,,,08/28/2019,TESLA
ELEC,35-58 72nd St,35-58 72nd St,,Jackson Heights,NY,11372,,888-356-8911,E,,Public,24 hours daily,,,2.0,,,FLO,https://www.flo.com,GPS,40.74894,-73.893721,04/04/2026,217408,2026-04-04 05:27:53,,,,05/12/2022,J1772
ELEC,RapidPark 600 Columbus Ave-QBDestinationSiteID18637 - Tesla Destination,600 Columbus Ave,,New York,NY,10128,,877-798-3752,E,,Public,,,,2.0,,,Tesla Destination,https://www.tesla.com/destination-charging,200-9,40.78859,-73.97118,07/01/2024,115169,2025-02-12 00:16:32,P,,,06/30/2016,TESLA
ELEC,PUBLIC FAST BROOKLYN 2,2699 Nostrand Ave,For Public Use,Brooklyn,NY,11210,,888-758-4389,E,,Public,24 hours daily,,,,1.0,,ChargePoint Network,https://www.chargepoint.com,GPS,40.618347,-73.94508,04/04/2026,324389,2026-04-04 03:28:44,,,,01/09/2024,J1772COMBO TESLA
ELEC,iPark 43-25 Hunter Street - Tesla Destination,43-25 Hunter St,,Long Island City,NY,11101,,877-798-3752,E,,Public,,,,8.0,,,Tesla Destination,https://www.tesla.com/destination-charging,200-9,40.747589,-73.942612,07/01/2024,114969,2025-02-12 00:16:32,P,,,05/01/2018,TESLA
ELEC,"Valley Stream, NY",2034 Green Acres Mall,,Valley Stream,NY,11581,,866-576-1495,E,,Public,24 hours daily,A ACCOUNT_BALANCE D M V,,,6.0,,RIVIAN_ADVENTURE,https://rivian.com/experience/charging,GPS,40.661759,-73.721736,04/04/2026,445737,2026-04-04 05:14:35,,,,11/13/2025,J1772COMBO
ELEC,The Shops at Atlas Park - Tesla Supercharger,8000 Cooper Avenue,,Glendale,NY,11385,,877-798-3752,E,,Public,24 hours daily. Please check Tesla's online station map to see if an adapter is required at this location.,,,,10.0,,Tesla,https://www.tesla.com/supercharger,200-9,40.707998,-73.866983,07/01/2024,149312,2025-05-06 21:07:47,P,,,09/30/2019,TESLA
ELEC,10 Reade St,10 Reade St,,New York,NY,10007,,888-356-8911,E,,Public,24 hours daily,,,2.0,,,FLO,https://www.flo.com,GPS,40.713898,-74.00434,04/04/2026,326605,2026-04-04 05:29:46,,,,01/25/2024,J1772
ELEC,CENTERS HEALTHC EV-6,170 Buffalo Ave,,Brooklyn,NY,11213,,888-758-4389,E,,Public,24 hours daily,,,2.0,,,ChargePoint Network,https://www.chargepoint.com,GPS,40.673186,-73.925637,04/04/2026,328311,2026-04-04 03:31:59,,,,02/14/2024,J1772
ELEC,Parkit 221 Thompson Street - Tesla Destination,221 Thompson St,,New York,NY,10012,,877-798-3752,E,,Public,,,,3.0,,,Tesla Destination,https://www.tesla.com/destination-charging,200-9,40.729234,-73.999013,07/01/2024,115056,2025-02-12 00:16:32,P,,,11/13/2015,J1772 TESLA
ELEC,577 Baltic Street - Adam America Real Estate - Tesla Destination,577 Baltic Street,,Brooklyn,NY,11217,,877-798-3752,E,,Public,,,,4.0,,,Tesla Destination,https://www.tesla.com/destination-charging,200-9,40.681151,-73.982101,07/01/2024,168557,2025-02-12 00:16:32,P,,,04/12/2017,TESLA
ELEC,613 Baltic - Garage,613 Baltic St,,Brooklyn,NY,11217,,813-492-5220,E,,Public,24 hours daily,A ANDROID_PAY APPLE_PAY D M V,,5.0,,,EVOKE,https://evokesystems.com,GPS,40.6807,-73.9805,09/12/2025,357078,2026-03-31 19:51:34,P,,,09/27/2021,J1772
ELEC,UMGI EV1,43-23 35th street,,LIC,NY,11101,,888-758-4389,E,,Public,24 hours daily,,,,1.0,,ChargePoint Network,https://www.chargepoint.com,GPS,40.7455,-73.92934,04/04/2026,188095,2026-04-04 02:21:35,,,,04/29/2021,CHADEMO J1772COMBO
ELEC,Quik Park West 57 LLC - Tesla Destination,9 W 57th St,,New York,NY,10019,,877-798-3752,E,,Public,,,,3.0,,,Tesla Destination,https://www.tesla.com/destination-charging,200-9,40.764259,-73.974972,07/01/2024,115193,2025-02-12 00:16:32,P,,,05/21/2015,J1772 TESLA
ELEC,SMJ WOODHAVEN SMJ WOODHAVEN 2,85-01 68th Road,,queens,NY,11374,,888-758-4389,E,,Public,24 hours daily,,,1.0,,,ChargePoint Network,https://www.chargepoint.com,GPS,40.715214,-73.859497,04/04/2026,453523,2026-04-04 04:22:20,,,,03/12/2026,J1772
ELEC,iPark NYC 555 West Garage Corp. - Tesla Destination,549 W 23rd St,,New York,NY,10011,,877-798-3752,E,,Public,,,,3.0,,,Tesla Destination,https://www.tesla.com/destination-charging,200-9,40.749296,-74.006017,07/01/2024,150502,2025-02-12 00:16:32,P,,,06/24/2015,J1772 TESLA
ELEC,59 Allen Street - Tesla Supercharger,59 Allen Street,,New York,NY,10002,,877-798-3752,E,,Public,5am-12am daily. Please check Tesla's online station map to see if an adapter is required at this location.,,,,4.0,,Tesla,https://www.tesla.com/supercharger,GPS,40.717153,-73.991869,07/01/2024,116808,2025-05-06 21:07:47,P,,,12/01/2018,TESLA
ELEC,All Across The Island Tire & Auto Repair,843 Merrick Rd,,Valley Stream,NY,11580,,833-611-5965,E,,Public,24 hours daily,,,6.0,,,VIALYNK,https://www.lynkwell.com,GPS,40.67408,-73.72607,04/04/2026,434175,2026-04-04 06:12:07,,,,10/23/2025,J1772
ELEC,Rapidpark 254 W 79th Street - Tesla Destination,254 W 79th St,,New York,NY,10024,,877-798-3752,E,,Public,,,,3.0,,,Tesla Destination,https://www.tesla.com/destination-charging,200-8,40.78411,-73.980641,07/01/2024,115072,2025-02-12 00:16:32,P,,,06/13/2017,J1772 TESLA
ELEC,Skyline Tower Garage,23-15 44th Rd,,Queens,NY,11101,,718-551-2483,E,,Public - Call ahead,24 hours daily,A ANDROID_PAY APPLE_PAY Cash CREDIT D Debit M V,,4.0,,,Non-Networked,,200-8,40.74848,-73.9445,08/15/2024,348990,2025-02-12 00:16:32,P,,,04/25/2024,J1772
ELEC,ImPark Underhill Garage - Tesla Destination,105 Underhill Ave,,Brooklyn,NY,11238,,877-798-3752,E,,Public,,,,4.0,,,Tesla Destination,https://www.tesla.com/destination-charging,200-9,40.677526,-73.965785,07/01/2024,122469,2025-02-12 00:16:32,P,,,12/19/2018,TESLA
ELEC,Parkright 300 E 77th St - Tesla Destination,300 East 77th St,,New York,NY,10075,,877-798-3752,E,,Public,,,,3.0,,,Tesla Destination,https://www.tesla.com/destination-charging,200-9,40.771794,-73.955624,07/01/2024,115085,2025-02-12 00:16:32,P,,,11/13/2015,J1772 TESLA
ELEC,Parkit 10 Wooster St. - Tesla Destination,6-10 Wooster St,,New York,NY,10013,,877-798-3752,E,,Public,,,,3.0,,,Tesla Destination,https://www.tesla.com/destination-charging,200-9,40.721658,-74.004402,07/01/2024,115174,2025-02-12 00:16:32,P,,,05/21/2015,J1772 TESLA
ELEC,92746 CHARGEPOINT 1,301 E 66th St,Parking Garage,New York,NY,10065,,888-758-4389,E,,Public,24 hours daily,,,2.0,,,ChargePoint Network,https://www.chargepoint.com,GPS,40.764935,-73.96063,04/04/2026,225676,2026-04-04 02:57:24,,,,08/18/2022,J1772
ELEC,Waldorf Astoria New York - Tesla Destination,310 Park Ave,,New York,NY,10022,,877-798-3752,E,,Public,,,,2.0,,,Tesla Destination,https://www.tesla.com/destination-charging,200-8,40.756722,-73.97406,07/01/2024,115090,2025-02-12 00:16:32,P,,,03/19/2015,TESLA
ELEC,The Rockaway Hotel,108-10 Rockaway Beach Dr.,There are 2 EV Charging spaces at this facility in the parking lot.,Rockaway Park,NY,11694,,855-223-5351,E,,Public,24 hours daily,A D M V,,2.0,,,FLASH,https://www.flashparking.com/products/diversify-parking-revenue/ev-charging-as-a-revenue-stream/,GPS,40.581587,-73.830086,04/04/2026,235400,2026-04-04 05:17:50,,,,07/01/2022,J1772
ELEC,PLAYHOUSE APTS CHARGER #4,102 Middle Neck Road,,Great Neck,NY,11021,,888-758-4389,E,,Public,24 hours daily,,,1.0,,,ChargePoint Network,https://www.chargepoint.com,GPS,40.789608,-73.73031,04/04/2026,391791,2026-04-04 04:00:18,,,,05/06/2025,J1772
ELEC,CITYLIGHTS 5TH FLOOR 1,4-74 48th Ave,Garage Level 5,Queens,NY,11109,,888-758-4389,E,,Public,24 hours daily,,,2.0,,,ChargePoint Network,https://www.chargepoint.com,GPS,40.744127,-73.95684,04/04/2026,310610,2026-04-04 03:22:35,,,,09/14/2023,J1772
ELEC,IMPark 92-77 Queens Blvd - Tesla Destination,92-77 Queens Blvd,,Rego Park,NY,11374,,877-798-3752,E,,Public,,,,4.0,,,Tesla Destination,https://www.tesla.com/destination-charging,200-8,40.732255,-73.866674,07/01/2024,150587,2025-02-12 00:16:32,P,,,03/30/2019,TESLA
ELEC,WCS NS1 ASIA,Boston Rd,,Bronx,NY,10460,,888-758-4389,E,,Public,24 hours daily,,,2.0,,,ChargePoint Network,https://www.chargepoint.com,GPS,40.846612,-73.876323,04/04/2026,173506,2026-04-04 01:45:33,,,,01/27/2021,J1772
ELEC,Rapidpark 906 Union Street - Tesla Destination,906 Union St,,Brooklyn,NY,11215,,877-798-3752,E,,Public,,,,3.0,,,Tesla Destination,https://www.tesla.com/destination-charging,200-9,40.672884,-73.971541,07/01/2024,114916,2025-02-12 00:16:32,P,,,06/13/2017,J1772 TESLA
ELEC,300 E 54th St - Parking Garage,300 E 54th St,,New York,NY,10022,,813-492-5220,E,,Public,24 hours daily,A ANDROID_PAY APPLE_PAY D M V,,10.0,,,EVOKE,https://evokesystems.com,GPS,40.757093,-73.966349,09/12/2025,356987,2026-03-31 19:51:34,P,,,07/17/2023,J1772
ELEC,PELHAM VILLAGE LOT 07,195 Sparks Avenue (Rear),MUNICIPAL PARKING LOT 07,Village of Pelham,NY,10803,,888-758-4389,E,,Public,24 hours daily,,,2.0,,,ChargePoint Network,https://www.chargepoint.com,GPS,40.909786,-73.811262,04/04/2026,216493,2026-04-04 02:52:47,,,,05/03/2022,J1772
ELEC,Angelina's Ristorante - Tesla Destination,399 Ellis St,,Staten Island,NY,10307,,877-798-3752,E,,Public,,,,3.0,,,Tesla Destination,https://www.tesla.com/destination-charging,200-9,40.513465,-74.251418,07/01/2024,115240,2025-02-12 00:16:32,P,,,01/11/2016,TESLA
ELEC,City World Ford Showroom,3305 Boston Rd,,Bronx,NY,10469,,888-717-4544,E,,Public,Mon: 9:00am-9:00pm; Tue: 9:00am-9:00pm; Wed: 9:00am-9:00pm; Thu: 9:00am-9:00pm; Fri: 9:00am-9:00pm; Sat: 9:00am-9:00pm; Sun: 11:00am-5:00pm,,,,4.0,,CHARGESMART_EV,https://chargesmartev.com,GPS,40.87393,-73.853391,04/04/2026,350669,2026-04-04 06:14:43,,,,07/17/2024,J1772COMBO
ELEC,Loews Regency Hotel,35-39 East 61st Street,,New York,NY,10021,,888-998-2546,E,,Public,24 hours daily,,,3.0,,,Blink Network,https://blinkcharging.com,GPS,40.764893,-73.969699,04/04/2026,449204,2026-04-04 01:05:57,,,,01/09/2026,J1772
ELEC,NYC FLEET DPRWFMARNA_5_L3,109-5 Marina Rd,,Queens,NY,11368,,888-758-4389,E,,Public,24 hours daily,,,,1.0,,ChargePoint Network,https://www.chargepoint.com,GPS,40.76038,-73.85531,04/04/2026,316711,2026-04-04 03:25:14,,,,11/04/2023,CHADEMO J1772COMBO
ELEC,50 N 5th St - Garage,50 N 5th St,,Brooklyn,NY,11249,,813-492-5220,E,,Public,24 hours daily,A ANDROID_PAY APPLE_PAY D M V,,10.0,,,EVOKE,https://evokesystems.com,GPS,40.718585,-73.962318,09/12/2025,357045,2026-03-31 19:51:34,P,,,08/21/2022,J1772
ELEC,Rapidpark 340 94th Street - Tesla Destination,340 E 94th St,,New York,NY,10128,,877-798-3752,E,,Public,,,,3.0,,,Tesla Destination,https://www.tesla.com/destination-charging,200-8,40.782091,-73.946029,07/01/2024,115104,2025-02-12 00:16:32,P,,,08/23/2017,J1772 TESLA
ELEC,BELMONT PARK VI BPV ST. 1,2375 Hempstead Turnpike,,Elmont,NY,11003,,888-758-4389,E,,Public,Mon: 8:00am-11:59pm; Tue: 8:00am-11:59pm; Wed: 8:00am-11:59pm; Thu: 8:00am-11:59pm; Fri: 8:00am-11:59pm; Sat: 8:00am-11:59pm; Sun: 8:00am-11:59pm,,,2.0,,,ChargePoint Network,https://www.chargepoint.com,GPS,40.709655,-73.725372,04/04/2026,386970,2026-04-04 03:56:25,,,,02/27/2025,J1772
ELEC,Quik Park Hudson 180 LLC - Tesla Destination,180 Riverside Blvd,,New York,NY,10069,,877-798-3752,E,,Public,,,,3.0,,,Tesla Destination,https://www.tesla.com/destination-charging,200-9,40.778412,-73.988294,07/01/2024,115033,2025-02-12 00:16:32,P,,,11/20/2015,J1772 TESLA
ELEC,SMJ WOODHAVEN SMJ WOODHAVE 19,85-01 68th Road,,queens,NY,11374,,888-758-4389,E,,Public,24 hours daily,,,1.0,,,ChargePoint Network,https://www.chargepoint.com,GPS,40.715296,-73.859311,04/04/2026,453515,2026-04-04 04:22:12,,,,03/12/2026,J1772
ELEC,GMC 400 East 56th Street,400 East 56th Street,,New York,NY,10022,,866-816-7584,E,,Public,24 hours daily,,,6.0,,,EV Connect,https://www.evconnect.com,GPS,40.757223,-73.963011,04/04/2026,166325,2026-04-04 05:05:40,,,,07/02/2020,J1772
ELEC,Yellowstone Blvd - Garage Floor A and C,66-36 Yellowstone Blvd,,Forest Hills,NY,11375,,813-492-5220,E,,Public,24 hours daily,A ANDROID_PAY APPLE_PAY D M V,,70.0,,,EVOKE,https://evokesystems.com,GPS,40.728588,-73.853577,09/12/2025,357086,2026-03-31 19:51:34,P,,,01/04/2022,J1772
ELEC,IPark 255 Schermerhorn - Tesla Destination,255 Schermerhorn St,,Brooklyn,NY,11217,,877-798-3752,E,,Public,,,,4.0,,,Tesla Destination,https://www.tesla.com/destination-charging,200-9,40.687913,-73.983039,07/01/2024,150582,2025-02-12 00:16:32,P,,,03/31/2019,TESLA
ELEC,The Lucerne - First Floor - Garage 1st Floor,350 E 79th St,,New York,NY,10075,,813-492-5220,E,,Public,24 hours daily,A ANDROID_PAY APPLE_PAY D M V,,20.0,,,EVOKE,https://evokesystems.com,GPS,40.772356,-73.95332,09/12/2025,357010,2026-03-31 19:51:34,P,,,04/13/2023,J1772
ELEC,NYC FLEET DCASCSTHSE_2_L3,6626 Metropolitan Ave,FOR CITY VEHICLE USE,Middle Village,NY,11379,,888-758-4389,E,,Public,24 hours daily,,,,1.0,,ChargePoint Network,https://www.chargepoint.com,GPS,40.711266,-73.89218,04/04/2026,196566,2026-04-04 02:20:58,,,,10/01/2021,CHADEMO J1772COMBO
ELEC,Icon Parking 300 E 59th Street - Tesla Destination,300 E 59th St,,New York,NY,10022,,877-798-3752,E,,Public,,,,3.0,,,Tesla Destination,https://www.tesla.com/destination-charging,200-8,40.760462,-73.964086,07/01/2024,115083,2025-02-12 00:16:32,P,,,04/30/2016,J1772 TESLA
ELEC,CENTERS HEALTHC EV-3,170 Buffalo Avenue,Lot 1,Brooklyn,NY,11213,,888-758-4389,E,,Public,24 hours daily,,,2.0,,,ChargePoint Network,https://www.chargepoint.com,GPS,40.673561,-73.926143,04/04/2026,328307,2026-04-04 03:31:58,,,,02/14/2024,J1772
ELEC,Champion Parking 230 W 55th Street - Tesla Destination,230 W 55th St,,New York,NY,10019,,877-798-3752,E,,Public,,,,3.0,,,Tesla Destination,https://www.tesla.com/destination-charging,200-9,40.764748,-73.982676,07/01/2024,115061,2025-02-12 00:16:32,P,,,06/22/2015,J1772 TESLA
ELEC,UMGI EV2,43-23 35th St,,Queens,NY,11101,,888-758-4389,E,,Public,24 hours daily,,,,1.0,,ChargePoint Network,https://www.chargepoint.com,GPS,40.745482,-73.929346,04/04/2026,188094,2026-04-04 02:21:34,,,,04/29/2021,CHADEMO J1772COMBO
ELEC,BELMONT PARK VI BPV ST. 9,2375 Hempstead Turnpike,,Elmont,NY,11003,,888-758-4389,E,,Public,Mon: 8:00am-11:59pm; Tue: 8:00am-11:59pm; Wed: 8:00am-11:59pm; Thu: 8:00am-11:59pm; Fri: 8:00am-11:59pm; Sat: 8:00am-11:59pm; Sun: 8:00am-11:59pm,,,2.0,,,ChargePoint Network,https://www.chargepoint.com,GPS,40.709411,-73.725213,04/04/2026,386975,2026-04-04 03:56:26,,,,02/27/2025,J1772
ELEC,10 East 30th St,10 E 30th St,,New York,NY,10016,,833-611-5965,E,,Public,24 hours daily,,,6.0,,,VIALYNK,https://www.lynkwell.com,GPS,40.74538,-73.98571,04/04/2026,233091,2026-04-04 06:09:07,,,,08/10/2022,J1772
ELEC,333 E 75th St.,333 E 75th St.,,New York,NY,10021,,833-611-5965,E,,Public,24 hours daily,,,4.0,,,VIALYNK,https://www.lynkwell.com,GPS,40.7702,-73.95525,04/04/2026,223269,2026-04-04 06:09:28,,,,03/18/2022,J1772
ELEC,PANYNJ LGA E GARAGE E1,East Garage E End Rd LaGuardia AirPort,"LGA East Garage, East end",New York,NY,11371,,888-758-4389,E,,Public,24 hours daily,,,2.0,,,ChargePoint Network,https://www.chargepoint.com,GPS,40.76941,-73.864157,04/04/2026,450166,2026-04-04 01:18:24,,,,01/28/2026,J1772
ELEC,Sylvan Pinnacle Garage - Tesla Destination,112-01 Queens Blvd,,Forest Hills,NY,11375,,877-798-3752,E,,Public,,,,4.0,,,Tesla Destination,https://www.tesla.com/destination-charging,200-9,40.718526,-73.83648,07/01/2024,114940,2025-02-12 00:16:32,P,,,07/17/2018,TESLA
ELEC,170 FREEMAN 3,170 Freeman Street,,Brooklyn,NY,11222,,888-758-4389,E,,Public,24 hours daily,,,1.0,,,ChargePoint Network,https://www.chargepoint.com,GPS,40.734222,-73.954601,04/04/2026,434733,2026-04-04 04:09:18,,,,10/24/2025,J1772
ELEC,"Brooklyn, NY - 625 Atlantic Avenue - Tesla Destination",625 Atlantic Avenue B12,,Brooklyn,NY,11217,,877-798-3752,E,,Public,,,,10.0,,,Tesla Destination,https://www.tesla.com/destination-charging,GPS,40.68484,-73.97566,07/01/2024,359128,2025-02-12 00:16:32,P,,,07/01/2024,TESLA
ELEC,4545 Center Blvd-TF Cornerstone LIC - Tesla Destination,4545 Center Blvd,,Long Island City,NY,11109,,877-798-3752,E,,Public,,,,8.0,,,Tesla Destination,https://www.tesla.com/destination-charging,200-9,40.747676,-73.956012,07/01/2024,150600,2025-02-12 00:16:32,P,,,03/30/2019,TESLA
ELEC,Helena 57 - Garage 1st Floor,601 W 57th St,,New York,NY,10019,,813-492-5220,E,,Public,24 hours daily,A ANDROID_PAY APPLE_PAY D M V,,24.0,,,EVOKE,https://evokesystems.com,GPS,40.770708,-73.99193,09/12/2025,357073,2026-03-31 19:51:34,P,,,08/04/2023,J1772
ELEC,HARBOR HOUSE HOC 8,3 Davenport Avenue,Spots 25 and 26,New Rochelle,NY,10805,,888-758-4389,E,,Public,24 hours daily,,,2.0,,,ChargePoint Network,https://www.chargepoint.com,GPS,40.905896,-73.773536,04/04/2026,303843,2026-04-04 03:19:22,,,,08/01/2023,J1772
ELEC,MASPETH FEDERAL MASPETH 1,56-18 69th St,,Maspeth,NY,11378,,888-758-4389,E,,Public,24 hours daily,,,2.0,,,ChargePoint Network,https://www.chargepoint.com,GPS,40.726232,-73.895705,04/04/2026,162165,2026-04-04 01:44:51,,,,06/12/2020,J1772
ELEC,"Ravel Hotel, Trademark Collection by Wyndham",8-08 Queens Plaza South,,Long Island City,NY,11101,,800-636-0986,E,,Public,,,,2.0,,,TURNONGREEN,https://turnongreen.com,GPS,40.753871,-73.949378,03/19/2026,455404,2026-03-19 23:03:43,,,,03/18/2026,J1772
ELEC,SMJ WOODHAVEN SMJ WOODHAVE 18,85-01 68th Road,,queens,NY,11374,,888-758-4389,E,,Public,24 hours daily,,,1.0,,,ChargePoint Network,https://www.chargepoint.com,GPS,40.715293,-73.859381,04/04/2026,453513,2026-04-04 04:22:12,,,,03/12/2026,J1772
ELEC,CEDAR PLAZA CEDAR EVCHARGER,20 Cedar St,20 Cedar St - Near Hndcap Prkng,New Rochelle,NY,10801,,888-758-4389,E,,Public,24 hours daily,,,2.0,,,ChargePoint Network,https://www.chargepoint.com,GPS,40.914406,-73.779621,04/04/2026,390787,2026-04-04 02:55:29,,,,04/25/2025,J1772
ELEC,PLAYHOUSE APTS CHARGER #3,102 Middle Neck Road,,Great Neck,NY,11021,,888-758-4389,E,,Public,24 hours daily,,,1.0,,,ChargePoint Network,https://www.chargepoint.com,GPS,40.78948,-73.73018,04/04/2026,391790,2026-04-04 04:00:18,,,,05/06/2025,J1772
ELEC,170 FREEMAN 6,170 Freeman Street,,Brooklyn,NY,11222,,888-758-4389,E,,Public,24 hours daily,,,1.0,,,ChargePoint Network,https://www.chargepoint.com,GPS,40.734311,-73.954732,04/04/2026,417256,2026-04-04 04:09:18,,,,07/30/2025,J1772
ELEC,GGMC Parking 66 Rockwell Pl Garage - Tesla Destination,66 Rockwell Pl,,Brooklyn,NY,11217,,877-798-3752,E,,Public,,,,3.0,,,Tesla Destination,https://www.tesla.com/destination-charging,200-8,40.688086,-73.979234,07/01/2024,114911,2025-02-12 00:16:32,P,,,11/13/2015,J1772 TESLA
ELEC,MPG 266 E 97 St - Tesla Destination,266 E 97th St,,New York,NY,10021,,877-798-3752,E,,Public,,,,3.0,,,Tesla Destination,https://www.tesla.com/destination-charging,200-8,40.785296,-73.947487,07/01/2024,115073,2025-02-12 00:16:32,P,,,08/17/2017,J1772 TESLA
ELEC,301 E. 79th St.,301 E. 79th St.,,New York,NY,10075,,833-611-5965,E,,Public,24 hours daily,,,4.0,,,VIALYNK,https://www.lynkwell.com,GPS,40.76939,-73.96546,04/04/2026,223240,2026-04-04 06:09:38,,,,01/14/2022,J1772
ELEC,Icon Parking 810 Seventh Ave - Tesla Destination,207 W 52nd St,,New York,NY,10019,,877-798-3752,E,,Public,,,,3.0,,,Tesla Destination,https://www.tesla.com/destination-charging,200-8,40.762568,-73.982718,07/01/2024,115049,2025-02-12 00:16:32,P,,,05/03/2016,J1772 TESLA
ELEC,iPark NYC 345 East Garage - Tesla Destination,345 East 80th St,,New York,NY,10075,,877-798-3752,E,,Public,,,,3.0,,,Tesla Destination,https://www.tesla.com/destination-charging,200-9,40.773225,-73.952643,07/01/2024,115105,2025-02-12 00:16:32,P,,,11/13/2015,J1772 TESLA
ELEC,Icon Parking 200 E 65th Street - Tesla Destination,200 E 65th St,,New York,NY,10021,,877-798-3752,E,,Public,,,,3.0,,,Tesla Destination,https://www.tesla.com/destination-charging,200-9,40.765108,-73.963389,07/01/2024,115040,2025-02-12 00:16:32,P,,,08/17/2017,J1772 TESLA
ELEC,The State-Whitehall Co - Tesla Destination,1 Battery Park Plaza,,New York,NY,10005,,877-798-3752,E,,Public,,,,2.0,,,Tesla Destination,https://www.tesla.com/destination-charging,GPS,40.706103,-74.007398,07/01/2024,359403,2025-02-12 00:16:32,P,,,07/01/2024,TESLA
ELEC,Clearwater Beach - Clearwater Beach Parking,1875 Ocean Blvd,,Atlantic Beach,NY,11509,,813-492-5220,E,,Public,24 hours daily,A ANDROID_PAY APPLE_PAY D M V,,4.0,,,EVOKE,https://evokesystems.com,GPS,40.586664,-73.732595,09/12/2025,356948,2026-03-31 19:51:34,P,,,07/23/2022,J1772
ELEC,92746 CHARGEPOINT 2,301 E 66th St,Parking Garage,New York,NY,10065,,888-758-4389,E,,Public,24 hours daily,,,2.0,,,ChargePoint Network,https://www.chargepoint.com,GPS,40.764945,-73.960624,04/04/2026,225677,2026-04-04 02:57:25,,,,08/18/2022,J1772
ELEC,Standard Parking 910 5th Avenue - Tesla Destination,910 5th Ave,,New York,NY,10021,,877-798-3752,E,,Public,,,,3.0,,,Tesla Destination,https://www.tesla.com/destination-charging,GPS,40.772175,-73.96637,07/01/2024,358856,2025-02-12 00:16:32,P,,,07/01/2024,J1772 TESLA
ELEC,165 E 77 ST Garage,165 E 77th Street,,Manhattan,NY,10075,,888-998-2546,E,,Public,24 hours daily,,,1.0,,,Blink Network,https://blinkcharging.com,GPS,40.773528,-73.959538,04/04/2026,328533,2026-04-04 00:42:31,,,,07/27/2022,J1772
ELEC,IKEA USA BROOKLYN 4,1 Beard St,,Red Hook,NY,11231,,888-758-4389,E,,Public,24 hours daily,,,1.0,,,ChargePoint Network,https://www.chargepoint.com,GPS,40.671432,-74.010889,04/04/2026,252887,2026-04-04 02:49:48,,,,02/01/2023,J1772
ELEC,Icon Parking 55 W 14th Street - Tesla Destination,55 W 14th St,,New York,NY,10011,,877-798-3752,E,,Public,,,,3.0,,,Tesla Destination,https://www.tesla.com/destination-charging,200-9,40.737122,-73.996119,07/01/2024,115159,2025-02-12 00:16:32,P,,,04/30/2016,J1772 TESLA
ELEC,PANYNJ JFK Y GARAGE 1,JFK Access Rd JFK International Airport,First floor near elevator,Queens,NY,11430,,888-758-4389,E,,Public,24 hours daily,,,2.0,,,ChargePoint Network,https://www.chargepoint.com,GPS,40.645659,-73.779481,04/04/2026,174641,2026-04-04 01:59:15,,,,01/27/2021,J1772
ELEC,Raymour & Flanigan RF#1091,3035 Cropsey Ave,,Brooklyn,NY,11224,,877-455-3833,E,,Public,24 hours daily,,,,4.0,,eVgo Network,https://www.evgo.com,GPS,40.581984,-73.984591,04/04/2026,350601,2026-04-04 00:01:17,,,,07/16/2024,CHADEMO J1772COMBO
ELEC,Rapidpark 411 W 55th Street - Tesla Destination,411 W 55th St,,New York,NY,10019,,877-798-3752,E,,Public,,,,3.0,,,Tesla Destination,https://www.tesla.com/destination-charging,200-9,40.766971,-73.987441,07/01/2024,115126,2025-02-12 00:16:32,P,,,07/17/2017,J1772 TESLA
ELEC,iPark NYC 88th Street Garage - Tesla Destination,101 W 88th St,,New York,NY,10024,,877-798-3752,E,,Public,,,,3.0,,,Tesla Destination,https://www.tesla.com/destination-charging,200-8,40.788008,-73.971611,07/01/2024,114993,2025-02-12 00:16:32,P,,,06/22/2015,J1772 TESLA
ELEC,CORP COMM 3 STATION 8 CC3,Teleport Dr/Corp Commons Bldg,"Parking garage, 3rd Floor",Staten Island,NY,10314,,888-758-4389,E,,Public,24 hours daily,,,2.0,,,ChargePoint Network,https://www.chargepoint.com,GPS,40.604324,-74.179675,04/04/2026,252136,2026-04-04 02:21:57,,,,01/26/2023,J1772
ELEC,One Blue Slip-Greenpoint - Tesla Destination,1 Blue Slip,,Brooklyn,NY,11222,,877-798-3752,E,,Public,,,,5.0,,,Tesla Destination,https://www.tesla.com/destination-charging,GPS,40.736562,-73.959195,07/01/2024,150540,2025-02-12 00:16:32,P,,,08/28/2019,J1772 TESLA
ELEC,Rapidpark 124 W 20th Street - Tesla Destination,124 W 20th St,,New York,NY,10011,,877-798-3752,E,,Public,,,,3.0,,,Tesla Destination,https://www.tesla.com/destination-charging,200-9,40.741554,-73.995403,07/01/2024,115008,2025-02-12 00:16:32,P,,,06/16/2017,J1772 TESLA
ELEC,Atlantic Center - Tesla Supercharger,625 Atlantic Avenue B12,,Brooklyn,NY,11217,,877-798-3752,E,,Public,24 hours daily. Please check Tesla's online station map to see if an adapter is required at this location.,,,,12.0,,Tesla,https://www.tesla.com/supercharger,200-9,40.683715,-73.974337,07/01/2024,149300,2025-05-06 21:07:47,P,,,09/30/2019,TESLA
ELEC,GGMC Ruppert Car Park - Tesla Destination,245 E 90th St,,New York,NY,10128,,877-798-3752,E,,Public,,,,3.0,,,Tesla Destination,https://www.tesla.com/destination-charging,200-8,40.78098,-73.951145,07/01/2024,115066,2025-02-12 00:16:32,P,,,01/08/2018,J1772 TESLA
ELEC,170 FREEMAN 8,170 Freeman Street,,Brooklyn,NY,11222,,888-758-4389,E,,Public,24 hours daily,,,1.0,,,ChargePoint Network,https://www.chargepoint.com,GPS,40.734265,-73.954661,04/04/2026,434736,2026-04-04 04:09:19,,,,10/24/2025,J1772
ELEC,3050 Corlear Ave - Nagle Parking Inc. - Tesla Destination,3050 Corlear Ave,,Bronx,NY,10463,,877-798-3752,E,,Public,,,,4.0,,,Tesla Destination,https://www.tesla.com/destination-charging,200-9,40.880142,-73.907385,07/01/2024,150624,2025-02-12 00:16:32,P,,,08/28/2019,TESLA
ELEC,BRI - Bay Ridge Municipal Parking Garage,8501 5th Ave,,Brooklyn,NY,11209,,866-816-7584,E,,Public,Mon: 8:00am-10:00pm; Tue: 8:00am-10:00pm; Wed: 8:00am-10:00pm; Thu: 8:00am-10:00pm; Fri: 8:00am-10:00pm; Sat: 8:00am-10:00pm; Sun: 8:00am-10:00pm,,,5.0,,,EV Connect,https://www.evconnect.com,GPS,40.621698,-74.02567,04/04/2026,65288,2026-04-04 05:05:12,,,,06/01/2015,J1772
ELEC,The Veneto,250 East 53rd Street,,New York,NY,10022,,888-998-2546,E,,Public,24 hours daily,,,2.0,,,Blink Network,https://blinkcharging.com,GPS,40.756766,-73.967481,04/04/2026,124140,2026-04-04 00:36:51,,,,06/21/2019,J1772
ELEC,597 Clarkson Ave,597 Clarkson Ave,,Brooklyn,NY,11203,,888-356-8911,E,,Public,24 hours daily,,,4.0,,,FLO,https://www.flo.com,GPS,40.656102,-73.940436,04/04/2026,197855,2026-04-04 05:27:58,,,,10/16/2021,J1772
ELEC,BELMONT PARK VI BPV ST. 11,2375 Hempstead Turnpike,,Elmont,NY,11003,,888-758-4389,E,,Public,Mon: 8:00am-11:59pm; Tue: 8:00am-11:59pm; Wed: 8:00am-11:59pm; Thu: 8:00am-11:59pm; Fri: 8:00am-11:59pm; Sat: 8:00am-11:59pm; Sun: 8:00am-11:59pm,,,2.0,,,ChargePoint Network,https://www.chargepoint.com,GPS,40.709696,-73.72496,04/04/2026,386979,2026-04-04 03:56:27,,,,02/27/2025,J1772
ELEC,SMJ WOODHAVEN SMJ WOODHAVE 16,85-01 68th Road,,queens,NY,11374,,888-758-4389,E,,Public,24 hours daily,,,1.0,,,ChargePoint Network,https://www.chargepoint.com,GPS,40.715292,-73.859295,04/04/2026,453518,2026-04-04 04:22:14,,,,03/12/2026,J1772
ELEC,General Motors Gas,53-26 Van Dam Street,,Long Island City,NY,11101,,,E,,Public,,,,,2.0,,FLIPTURN,https://www.getflipturn.com,GPS,40.736364,-73.936444,04/04/2026,449739,2026-04-04 07:05:26,,,,01/17/2026,J1772COMBO
ELEC,NYC Parking 155 East 76th Street Garage Corp.,155 East 76th Street,,New York,NY,10021,,888-998-2546,E,,Public,24 hours daily,,,6.0,,,Blink Network,https://blinkcharging.com,GPS,40.772927,-73.959558,04/04/2026,309670,2026-04-04 00:24:22,,,,08/22/2023,J1772
ELEC,Carnegie Hill,215 E 96th St,,New York,NY,10128,,888-998-2546,E,,Public,24 hours daily,,,2.0,,,Blink Network,https://blinkcharging.com,GPS,40.784865,-73.948526,04/04/2026,164751,2026-04-04 00:48:03,,,,06/26/2019,J1772
ELEC,1235 Linden Blvd,1235 Linden Blvd,,Brooklyn,NY,11212,,888-356-8911,E,,Public,24 hours daily,,,4.0,,,FLO,https://www.flo.com,GPS,40.654381,-73.913436,04/04/2026,195668,2026-04-04 05:28:16,,,,09/08/2021,J1772
ELEC,Parkright 39 E 29th Street - Tesla Destination,29 East 29th St,,New York,NY,10016,,877-798-3752,E,,Public,,,,3.0,,,Tesla Destination,https://www.tesla.com/destination-charging,200-8,40.744244,-73.984116,07/01/2024,115079,2025-02-12 00:16:32,P,,,11/13/2015,J1772 TESLA
ELEC,245 E 90th - Garage,1625 3rd Ave,,New York,NY,10128,,813-492-5220,E,,Public,24 hours daily,A ANDROID_PAY APPLE_PAY D M V,,10.0,,,EVOKE,https://evokesystems.com,GPS,40.782305,-73.951186,09/12/2025,356939,2026-03-31 19:51:34,P,,,03/18/2024,J1772
ELEC,32 Gramercy Park - Garage 1st Floor,32 Gramercy Park S,,New York,NY,10003,,813-492-5220,E,,Public,24 hours daily,A ANDROID_PAY APPLE_PAY D M V,,10.0,,,EVOKE,https://evokesystems.com,GPS,40.736983,-73.984881,09/12/2025,421047,2026-03-31 19:51:34,P,,,08/04/2023,J1772
ELEC,967 Kelly,967 Kelly St,,Bronx,NY,10459,,917-274-7217,E,,Public,24 hours daily,,,10.0,,,EVIUM,https://www.eviumcharging.com,GPS,40.821863,-73.896129,04/04/2026,400184,2026-04-04 06:22:44,,,,06/21/2025,J1772
ELEC,266 13th St,266 13th St,,Brooklyn,NY,11215,,888-356-8911,E,,Public,24 hours daily,,,2.0,,,FLO,https://www.flo.com,GPS,40.667017,-73.988698,04/04/2026,222574,2026-04-04 05:28:36,,,,07/07/2022,J1772
ELEC,Icon Parking 240 East Broadway - Tesla Destination,188 Clinton St,,New York,NY,10002,,877-798-3752,E,,Public,,,,3.0,,,Tesla Destination,https://www.tesla.com/destination-charging,200-8,40.714821,-73.987138,07/01/2024,115035,2025-02-12 00:16:32,P,,,05/24/2018,J1772 TESLA
ELEC,Astoria Central Parking - Tesla Destination,31-57 31st St,,Astoria,NY,11106,,877-798-3752,E,,Public,,,,4.0,,,Tesla Destination,https://www.tesla.com/destination-charging,200-8,40.762502,-73.924507,07/01/2024,114881,2025-02-12 00:16:32,P,,,07/06/2018,TESLA
ELEC,Rapidpark 150 East 77th Street - Tesla Destination,150 E 77th St,,New York,NY,10021,,877-798-3752,E,,Public,,,,3.0,,,Tesla Destination,https://www.tesla.com/destination-charging,200-8,40.773256,-73.959334,07/01/2024,115020,2025-02-12 00:16:32,P,,,04/19/2018,J1772 TESLA
ELEC,Icon Parking 35-39 East 61st Street - Tesla Destination,35-39 E 61st St,,New York,NY,10021,,877-798-3752,E,,Public,,,,3.0,,,Tesla Destination,https://www.tesla.com/destination-charging,200-8,40.764617,-73.969764,07/01/2024,115111,2025-02-12 00:16:32,P,,,10/13/2016,J1772 TESLA
ELEC,Standard Parking Pierepoint Plaza - Tesla Destination,300 Cadman,,Brooklyn,NY,11201,,877-798-3752,E,,Public,,,,3.0,,,Tesla Destination,https://www.tesla.com/destination-charging,GPS,40.695115,-73.990993,07/01/2024,114896,2025-02-12 00:16:32,P,,,05/24/2018,J1772 TESLA
ELEC,MCDONALD'S LINDEN 02,2797 Linden Boulevard,,Brooklyn,NY,11208,,888-758-4389,E,,Public,24 hours daily,,,2.0,,,ChargePoint Network,https://www.chargepoint.com,GPS,40.670074,-73.86088,04/04/2026,390629,2026-04-04 04:01:29,,,,04/23/2025,J1772
ELEC,NYC FLEET DPRROCKAWAY30B,1-09 Beach 30th St,,Queens,NY,11691,,888-758-4389,E,,Public,24 hours daily,,,1.0,,,ChargePoint Network,https://www.chargepoint.com,GPS,40.592562,-73.762059,04/04/2026,277635,2026-04-04 01:53:34,,,,06/22/2023,J1772
ELEC,Quik Park 600 West 42nd Street (Silver Towers) LLC - Tesla Destination,600 W 42nd St,,New York,NY,10036,,877-798-3752,E,,Public,,,,3.0,,,Tesla Destination,https://www.tesla.com/destination-charging,200-8,40.761018,-73.99878,07/01/2024,115170,2025-02-12 00:16:32,P,,,03/10/2016,J1772 TESLA
ELEC,AMNH-PARKING STATION 3,200 Central Park West,Lower level parking south wall,New York,NY,10024,,888-758-4389,E,,Public,24 hours daily,,,2.0,,,ChargePoint Network,https://www.chargepoint.com,GPS,40.781511,-73.973807,04/04/2026,357264,2026-04-04 02:31:46,,,,09/30/2024,J1772
ELEC,Glenwood Belmont Parking - Tesla Destination,320 E 46th St,,New York,NY,10021,,877-798-3752,E,,Public,,,,2.0,,,Tesla Destination,https://www.tesla.com/destination-charging,200-8,40.760098,-73.988828,07/01/2024,115094,2025-02-12 00:16:32,P,,,07/19/2018,J1772 TESLA
ELEC,25 Maple Avenue - 2,"25 Maple Ave, New Rochelle, NY 10801",,New Rochelle,NY,10801,,888-998-2546,E,,Public,24 hours daily,,,2.0,,,Blink Network,https://blinkcharging.com,GPS,40.90581,-73.785031,04/04/2026,257411,2026-04-04 01:02:39,,,,09/23/2022,J1772
ELEC,Brooklyn Museum - Tesla Supercharger,878 Washington Avenue,,Brooklyn,NY,11225,,877-798-3752,E,,Public,24 hours daily. Please check Tesla's online station map to see if an adapter is required at this location.,,,,10.0,,Tesla,https://www.tesla.com/supercharger,200-8,40.669936,-73.963069,07/01/2024,122247,2025-05-06 21:07:47,P,,,03/01/2019,TESLA
ELEC,540 WAVERLY 3,510 Waverly Ave,At the ground floor parking garage in the rear,Brooklyn,NY,11238,,888-758-4389,E,,Public,24 hours daily,,,2.0,,,ChargePoint Network,https://www.chargepoint.com,GPS,40.682187,-73.965917,04/04/2026,324267,2026-04-04 03:00:57,,,,01/06/2024,J1772
ELEC,Parking Systems at 343 E 74th,343 E 74th St,,New York,NY,10021,,,E,,Public,6am-12am daily,A ANDROID_PAY APPLE_PAY Cash CREDIT D Debit M V,,1.0,,,Non-Networked,,200-8,40.76957,-73.95589,05/09/2024,333482,2025-02-12 00:16:32,P,,,03/01/2024,J1772
ELEC,170 FREEMAN 16,179 Freeman Street,,Brooklyn,NY,11222,,888-758-4389,E,,Public,24 hours daily,,,1.0,,,ChargePoint Network,https://www.chargepoint.com,GPS,40.734276,-73.954696,04/04/2026,417260,2026-04-04 04:09:20,,,,07/30/2025,J1772
ELEC,11 East 86th Street,11 East 86th Street,,New York,NY,10028,,833-611-5965,E,,Public,24 hours daily,,,2.0,,,VIALYNK,https://www.lynkwell.com,GPS,40.78147,-73.95986,04/04/2026,223278,2026-04-04 06:08:32,,,,03/16/2022,J1772
ELEC,CLAREMONT GRG STATION 2,100 Claremont Avenue,Garage Level 1,New York,NY,10027,,888-758-4389,E,,Public,24 hours daily,,,1.0,,,ChargePoint Network,https://www.chargepoint.com,GPS,40.811845,-73.962249,04/04/2026,384787,2026-04-04 03:56:22,,,,02/22/2025,J1772
ELEC,169 Ludlow St - Tesla Destination,169  Ludlow St,,New York,NY,10002,,877-798-3752,E,,Public,,,,3.0,,,Tesla Destination,https://www.tesla.com/destination-charging,GPS,40.721713,-73.98778,07/01/2024,358717,2025-05-06 21:10:23,P,,,,J1772 TESLA
ELEC,Quikpark 43-08 Crescent Street - Tesla Destination,43-08 Crescent St,,New York,NY,11101,,877-798-3752,E,,Public,,,,3.0,,,Tesla Destination,https://www.tesla.com/destination-charging,200-8,40.748757,-73.943417,07/01/2024,115137,2025-02-12 00:16:32,P,,,06/13/2017,J1772 TESLA
ELEC,Leonard Pointe,395 Leonard St,,Brooklyn,NY,11211,,888-385-6671,E,,Public - Credit card at all times,24 hours daily,A ACCOUNT_BALANCE ANDROID_PAY APPLE_PAY D M V,,4.0,,,LOOP,https://loopglobal.com,GPS,40.718151,-73.948502,03/12/2026,399684,2026-03-12 20:29:51,P,,,05/06/2024,J1772
ELEC,Center Park 250 Albany - Tesla Destination,250 Albany St,,Manhattan,NY,10280,,877-798-3752,E,,Public,,,,4.0,,,Tesla Destination,https://www.tesla.com/destination-charging,200-8,40.709803,-74.015771,07/01/2024,150574,2025-02-12 00:16:32,P,,,03/31/2019,TESLA
ELEC,MPG 201 E 56th - Tesla Destination,201 E 56th,,New York,NY,10022,,877-798-3752,E,,Public,,,,3.0,,,Tesla Destination,https://www.tesla.com/destination-charging,200-8,40.759437,-73.96767,07/01/2024,115045,2025-02-12 00:16:32,P,,,05/24/2018,J1772 TESLA
ELEC,Standard Parking 800 6th Ave - Tesla Destination,54 W 28th St,,New York,NY,10001,,877-798-3752,E,,Public,,,,3.0,,,Tesla Destination,https://www.tesla.com/destination-charging,200-8,40.745842,-73.990103,07/01/2024,115155,2025-02-12 00:16:32,P,,,07/17/2017,J1772 TESLA
ELEC,The Rogers Residences,625 Rogers Avenue,,Brooklyn,NY,11225,,888-222-6618,E,,Public,,,,6.0,,,NOODOE,https://www.noodoe.com,GPS,40.656331,-73.952843,04/04/2026,388568,2026-04-04 06:01:51,,,,03/24/2025,J1772
ELEC,iPark 1510 Lex Garage Corp. - Tesla Destination,116 E 98th St,,New York,NY,10029,,877-798-3752,E,,Public,,,,3.0,,,Tesla Destination,https://www.tesla.com/destination-charging,200-9,40.787402,-73.950546,07/01/2024,115003,2025-02-12 00:16:32,P,,,02/06/2017,TESLA
ELEC,Superior Ink,400 W 12th St,,New York,NY,10014,,888-998-2546,E,,Public,24 hours daily,,,2.0,,,Blink Network,https://blinkcharging.com,GPS,40.737537,-74.00983,04/04/2026,124147,2026-04-04 00:36:52,,,,06/21/2019,J1772
ELEC,Champion Parking W 53rd Street - Tesla Destination,159 W 53rd St,,New York,NY,10019,,877-798-3752,E,,Public,,,,3.0,,,Tesla Destination,https://www.tesla.com/destination-charging,200-9,40.763279,-73.98086,07/01/2024,115025,2025-02-12 00:16:32,P,,,08/19/2015,J1772 TESLA
ELEC,Icon Parking 990 Ave of the Americas - Tesla Destination,990 Avenue of the Americas,,New York,NY,10018,,877-798-3752,E,,Public,,,,3.0,,,Tesla Destination,https://www.tesla.com/destination-charging,200-9,40.750844,-73.986188,07/01/2024,115198,2025-02-12 00:16:32,P,,,05/03/2016,J1772 TESLA
ELEC,25 Maple Avenue,"25 Maple Ave, New Rochelle, NY 10801",,New Rochelle,NY,10801,,888-998-2546,E,,Public,24 hours daily,,,27.0,,,Blink Network,https://blinkcharging.com,GPS,40.905808,-73.785029,04/04/2026,238115,2026-04-04 00:17:48,,,,09/20/2022,J1772
ELEC,LAZ Parking 136-20 38th Ave - Tesla Destination,136-20 38th Ave,,Flushing,NY,11354,,877-798-3752,E,,Public,,,,4.0,,,Tesla Destination,https://www.tesla.com/destination-charging,200-9,40.760965,-73.829807,07/01/2024,150579,2025-02-12 00:16:32,P,,,03/31/2019,TESLA
ELEC,Laureate Garage,2148 Broadway,,New York,NY,10023,,888-998-2546,E,,Public,24 hours daily,,,2.0,,,Blink Network,https://blinkcharging.com,GPS,40.78131,-73.980834,04/04/2026,189363,2026-04-04 00:20:17,,,,05/07/2021,J1772
ELEC,Empire Cadillac of Long Island City,45-02 Northern Blvd,,Long Island City,NY,11101,,313-262-6722,E,,Public,,,,,4.0,,RED_E,https://www.redecharge.com,GPS,40.753601,-73.917441,04/04/2026,404931,2026-04-04 06:56:20,,,,06/30/2025,J1772COMBO TESLA
ELEC,333 Schermerhorn Garage - The Hub - Tesla Destination,333 Schermerhorn St,,Brooklyn,NY,11217,,877-798-3752,E,,Public,,,,4.0,,,Tesla Destination,https://www.tesla.com/destination-charging,200-9,40.686983,-73.980498,07/01/2024,150532,2025-02-12 00:16:32,P,,,08/28/2019,TESLA
ELEC,iPark 34 N 7th Street - Tesla Destination,34 N 7th St,,Brooklyn,NY,11249,,877-798-3752,E,,Public,,,,8.0,,,Tesla Destination,https://www.tesla.com/destination-charging,200-9,40.72054,-73.962249,07/01/2024,122473,2025-02-12 00:16:32,P,,,06/13/2017,TESLA
ELEC,GGMC Parking Battery Place - Tesla Destination,50 Battery Pl,,New York,NY,10280,,877-798-3752,E,,Public,,,,3.0,,,Tesla Destination,https://www.tesla.com/destination-charging,200-9,40.706965,-74.017971,07/01/2024,115143,2025-02-12 00:16:32,P,,,02/22/2018,J1772 TESLA
ELEC,The Peninsula Hotel New York - Tesla Destination,700 5th Ave,,New York,NY,10019,,877-798-3752,E,,Public,,,,1.0,,,Tesla Destination,https://www.tesla.com/destination-charging,200-8,40.761589,-73.975211,07/01/2024,115181,2025-02-12 00:16:32,P,,,08/07/2015,TESLA
ELEC,Quik Park Armory Parking Inc. - Tesla Destination,172 Vanderbilt,,Brooklyn,NY,11205,,877-798-3752,E,,Public,,,,2.0,,,Tesla Destination,https://www.tesla.com/destination-charging,200-8,40.692635,-73.969935,07/01/2024,114891,2025-02-12 00:16:32,P,,,01/27/2017,TESLA
ELEC,CrossIsland YMCA - Parking Lot,238-10 Hillside Ave,,Bellerose,NY,11426,,813-492-5220,E,,Public,24 hours daily,A ANDROID_PAY APPLE_PAY D M V,,5.0,,,EVOKE,https://evokesystems.com,GPS,40.7329,-73.7277,09/12/2025,356970,2026-03-31 19:51:34,P,,,04/14/2022,J1772
ELEC,GMC 388 Bridge Street - Tesla Destination,388 Bridge St,,Brooklyn,NY,11201,,877-798-3752,E,,Public,,,,3.0,,,Tesla Destination,https://www.tesla.com/destination-charging,200-9,40.691469,-73.985446,07/01/2024,114903,2025-02-12 00:16:32,P,,,04/30/2018,TESLA
ELEC,EVPassport - 200 E 24th St Garage,200 E 24th St,,New York,NY,10010,,888-702-2124,E,,Public - Credit card at all times,24 hours daily,A D Debit M V,,2.0,,,Non-Networked,,GPS,40.739253,-73.982329,04/06/2023,256128,2025-12-05 16:41:49,P,,,03/09/2023,J1772
ELEC,South Williamsburg,260 S 4th St,,Brooklyn,NY,11211,,,E,,Public,24 hours daily,A CREDIT D M V,,,15.0,,REVEL,https://gorevel.com,200-8,40.70983,-73.95767,02/13/2026,307032,2026-02-13 16:34:38,P,,,05/01/2023,J1772COMBO TESLA
ELEC,MTP Parking 755 Kent Ave - Tesla Destination,755 Kent Ave,,Brooklyn,NY,11249,,877-798-3752,E,,Public,,,,4.0,,,Tesla Destination,https://www.tesla.com/destination-charging,200-8,40.698671,-73.959625,07/01/2024,122479,2025-02-12 00:16:32,P,,,01/17/2019,TESLA
ELEC,QT STATION 2,62-10 Northern Blvd,visitor parking,Woodside,NY,11377,,888-758-4389,E,,Public,24 hours daily,,,2.0,,,ChargePoint Network,https://www.chargepoint.com,GPS,40.753602,-73.899825,04/04/2026,224509,2026-04-04 02:56:23,,,,07/28/2022,J1772
ELEC,Paragon Honda,57-02 Northern Boulevard,,Queens,NY,11377,,888-998-2546,E,,Public,24 hours daily,,,,2.0,,Blink Network,https://blinkcharging.com,GPS,40.753588,-73.903613,04/04/2026,353861,2026-04-04 00:33:48,,,,04/24/2024,J1772COMBO
ELEC,ARCHER GREEN MI STATION 1,92-23 168th St,,JAMAICA,NY,11433,,888-758-4389,E,,Public,24 hours daily,,,1.0,,,ChargePoint Network,https://www.chargepoint.com,GPS,40.70522,-73.79147,04/04/2026,225478,2026-04-04 02:34:03,,,,08/13/2022,J1772
ELEC,DSL Marketing and Energy Icon Parking,57 W 53rd St,,New York,NY,10019,,833-692-6787,E,,Public - Credit card at all times,Contact station for hours of availability.,A ANDROID_PAY APPLE_PAY CREDIT D M,,4.0,,,AMPUP,https://ampup.io,200-8,40.761698,-73.978338,10/11/2022,229921,2023-02-14 15:54:11,P,,,09/15/2022,J1772
ELEC,GGMC Parking Union Square Parking Garage - Tesla Destination,100 E 15th St,,New York,NY,10003,,877-798-3752,E,,Public,,,,6.0,,,Tesla Destination,https://www.tesla.com/destination-charging,200-8,40.734939,-73.989409,07/01/2024,114988,2025-02-12 00:16:32,P,,,11/13/2015,J1772 TESLA
ELEC,The Caledonia,450 W 17th Street,,New York,NY,10011,,888-998-2546,E,,Public,24 hours daily,,,2.0,,,Blink Network,https://blinkcharging.com,GPS,40.743832,-74.006578,04/04/2026,259812,2026-04-04 00:36:38,,,,07/19/2022,J1772
ELEC,Champion Parking 113 LLC - Tesla Destination,400 W 113th St,,New York,NY,10025,,877-798-3752,E,,Public,,,,3.0,,,Tesla Destination,https://www.tesla.com/destination-charging,200-9,40.80443,-73.961373,07/01/2024,115122,2025-02-12 00:16:32,P,,,02/22/2018,J1772 TESLA
ELEC,CORP COMM 3 STATION 9 CC3,Teleport Dr/Corp Commons Bldg,"Parking garage, 2nd Floor",Staten Island,NY,10314,,888-758-4389,E,,Public,24 hours daily,,,2.0,,,ChargePoint Network,https://www.chargepoint.com,GPS,40.604082,-74.179499,04/04/2026,252140,2026-04-04 02:21:58,,,,01/26/2023,J1772
ELEC,SP+MASTER STATION 1,140 West 51st Street,,New York,NY,10020,,888-758-4389,E,,Public,24 hours daily,,,2.0,,,ChargePoint Network,https://www.chargepoint.com,GPS,40.760786,-73.982337,04/04/2026,389545,2026-04-04 04:00:02,,,,04/08/2025,J1772
ELEC,Parkright 738 Greenwich Street - Tesla Destination,738 Greenwich St,,New York,NY,10014,,877-798-3752,E,,Public,,,,3.0,,,Tesla Destination,https://www.tesla.com/destination-charging,200-9,40.734412,-74.007184,07/01/2024,115182,2025-02-12 00:16:32,P,,,07/19/2016,J1772 TESLA
ELEC,"First Avenue Parking- 630 1st Avenue NY, NY 10016",630 1st Avenue,,New York,NY,10016,,888-998-2546,E,,Public,24 hours daily,,,2.0,,,Blink Network,https://blinkcharging.com,GPS,40.745096,-73.971921,04/04/2026,221326,2026-04-04 00:18:47,,,,06/15/2022,J1772
ELEC,170 FREEMAN 18,170 Freeman Street,,Brooklyn,NY,11222,,888-758-4389,E,,Public,24 hours daily,,,1.0,,,ChargePoint Network,https://www.chargepoint.com,GPS,40.734204,-73.954562,04/04/2026,434740,2026-04-04 04:09:20,,,,10/24/2025,J1772
ELEC,800 Tiffany Street - TifTemp and Outdoor Parking,880 Garrison Ave,,The Bronx,NY,10474,,813-492-5220,E,,Public,24 hours daily,A ANDROID_PAY APPLE_PAY D M V,,9.0,,,EVOKE,https://evokesystems.com,GPS,40.816442,-73.891794,09/12/2025,421068,2026-03-31 19:51:34,P,,,07/12/2024,J1772
ELEC,Park Kwik-300 Ashland - Tesla Destination,300 Ashland Pl,,Brooklyn,NY,11217,,877-798-3752,E,,Public,,,,4.0,,,Tesla Destination,https://www.tesla.com/destination-charging,200-8,40.68608,-73.978252,07/01/2024,169010,2025-02-12 00:16:32,P,,,10/11/2019,TESLA
ELEC,Icon Parking 225 W 83 Street - Tesla Destination,225 W 83rd St,,New York,NY,10024,,877-798-3752,E,,Public,,,,3.0,,,Tesla Destination,https://www.tesla.com/destination-charging,200-9,40.786099,-73.977303,07/01/2024,115058,2025-02-12 00:16:32,P,,,04/30/2016,J1772 TESLA
ELEC,SMJ WOODHAVEN SMJ WOODHAVEN 8,85-01 68th Road,,queens,NY,11374,,888-758-4389,E,,Public,24 hours daily,,,1.0,,,ChargePoint Network,https://www.chargepoint.com,GPS,40.715474,-73.859302,04/04/2026,454049,2026-04-04 04:22:15,,,,03/13/2026,J1772
ELEC,191 East 71st Street,191 E 71st Street,,New York,NY,10021,,833-611-5965,E,,Public,24 hours daily,,,4.0,,,VIALYNK,https://www.lynkwell.com,GPS,40.76945,-73.96154,04/04/2026,223300,2026-04-04 06:08:41,,,,06/23/2022,J1772
ELEC,101-19 Rockaway Beach Blvd,101-19 Rockaway Beach Blvd,,Far Rockaway,NY,11694,,917-274-7217,E,,Public,24 hours daily,,,8.0,,,EVIUM,https://www.eviumcharging.com,GPS,40.583077,-73.822105,04/04/2026,333857,2026-04-04 06:22:15,,,,01/08/2024,J1772
ELEC,iPark 400 E 85th St - Tesla Destination,400 E 85th St,,Manhattan,NY,10028,,877-798-3752,E,,Public,,,,4.0,,,Tesla Destination,https://www.tesla.com/destination-charging,200-8,40.775953,-73.949738,07/01/2024,122489,2025-02-12 00:16:32,P,,,01/17/2019,TESLA
ELEC,Brooklyn Renaissance Plaza,335 Adams St,,Brooklyn,NY,11201,,866-816-7584,E,,Public,24 hours daily,,,6.0,,,EV Connect,https://www.evconnect.com,GPS,40.693463,-73.988245,04/04/2026,230783,2026-04-04 05:04:59,,,,09/30/2022,J1772
ELEC,NYC FLEET DPRWFMARNA_4_L3,109-5 Marina Rd,,Queens,NY,11368,,888-758-4389,E,,Public,24 hours daily,,,,1.0,,ChargePoint Network,https://www.chargepoint.com,GPS,40.760345,-73.85546,04/04/2026,316710,2026-04-04 03:25:14,,,,11/04/2023,CHADEMO J1772COMBO
ELEC,Parker Towers 20 - Garage 20,104-20 Queens Blvd,,Forest Hills,NY,11375,,813-492-5220,E,,Public,24 hours daily,A ANDROID_PAY APPLE_PAY D M V,,10.0,,,EVOKE,https://evokesystems.com,GPS,40.7238,-73.85,09/12/2025,356884,2026-03-31 19:51:34,P,,,11/20/2021,J1772
ELEC,iPark 386 E 48th Street - Tesla Destination,386 E 48th St,,New York,NY,11248,,877-798-3752,E,,Public,,,,3.0,,,Tesla Destination,https://www.tesla.com/destination-charging,200-8,40.7529,-73.967723,07/01/2024,115115,2025-02-12 00:16:32,P,,,03/10/2017,J1772 TESLA
ELEC,SMJ WOODHAVEN SMJ WOODHAVEN 1,85-01 68th Road,,queens,NY,11374,,888-758-4389,E,,Public,24 hours daily,,,1.0,,,ChargePoint Network,https://www.chargepoint.com,GPS,40.715236,-73.859501,04/04/2026,453522,2026-04-04 04:22:20,,,,03/12/2026,J1772
ELEC,Champion Parking 74 LLC - Tesla Destination,2109 Broadway,,New York,NY,10023,,877-798-3752,E,,Public,,,,3.0,,,Tesla Destination,https://www.tesla.com/destination-charging,200-9,40.780027,-73.982823,07/01/2024,115052,2025-02-12 00:16:32,P,,,02/22/2018,J1772 TESLA
ELEC,2244 Westchester Ave,2244 Westchester Ave,,Bronx,NY,10462,,888-385-6671,E,,Public - Credit card at all times,24 hours daily,A ACCOUNT_BALANCE ANDROID_PAY APPLE_PAY D M V,,4.0,,,LOOP,https://loopglobal.com,GPS,40.83401,-73.85045,03/12/2026,348896,2026-03-12 20:29:51,P,,,12/26/2023,J1772
ELEC,CENTERS HEALTHC EV-10,170 Buffalo Ave,,Brooklyn,NY,11213,,888-758-4389,E,,Public,24 hours daily,,,2.0,,,ChargePoint Network,https://www.chargepoint.com,GPS,40.6732,-73.925696,04/04/2026,328315,2026-04-04 03:32:00,,,,02/14/2024,J1772
ELEC,Burnside Plaza - Tesla Supercharger,603 Burnside Ave,,Inwood,NY,11096,,877-798-3752,E,,Public,24 hours daily,A D Debit M V,,,20.0,,Tesla,https://www.tesla.com/supercharger,GPS,40.623145,-73.742625,12/12/2025,440453,2026-02-02 23:16:24,P,,,11/07/2025,TESLA
ELEC,The William Vale Hotel - Tesla Destination,111 N 12th St,,Brooklyn,NY,11249,,877-798-3752,E,,Public,,,,4.0,,,Tesla Destination,https://www.tesla.com/destination-charging,200-8,40.722137,-73.956583,07/01/2024,114919,2025-02-12 00:16:32,P,,,05/09/2016,TESLA
ELEC,540 WAVERLY 1,540 Waverly Ave,In ground floor parking garage,Brooklyn,NY,11238,,888-758-4389,E,,Public,24 hours daily,,,2.0,,,ChargePoint Network,https://www.chargepoint.com,GPS,40.682176,-73.96585,04/04/2026,323904,2026-04-04 02:59:21,,,,01/05/2024,J1772
ELEC,BELMONT PARK VI BPV ST. 10,2375 Hempstead Turnpike,,Elmont,NY,11003,,888-758-4389,E,,Public,Mon: 8:00am-11:59pm; Tue: 8:00am-11:59pm; Wed: 8:00am-11:59pm; Thu: 8:00am-11:59pm; Fri: 8:00am-11:59pm; Sat: 8:00am-11:59pm; Sun: 8:00am-11:59pm,,,2.0,,,ChargePoint Network,https://www.chargepoint.com,GPS,40.709646,-73.724901,04/04/2026,386978,2026-04-04 03:56:26,,,,02/27/2025,J1772
ELEC,LGP L.G.P EV SPACE1,14 Harrison Pl,First charger on the left when going into parking lot,Brooklyn,NY,11206,,888-758-4389,E,,Public,24 hours daily,,,2.0,,,ChargePoint Network,https://www.chargepoint.com,GPS,40.706059,-73.93281,04/04/2026,395815,2026-04-04 04:03:31,,,,05/17/2025,J1772
ELEC,iPark 59-63 Allen Street - Tesla Destination,59-63 Allen St,,New York,NY,10002,,877-798-3752,E,,Public,,,,3.0,,,Tesla Destination,https://www.tesla.com/destination-charging,200-9,40.717143,-73.991597,07/01/2024,115166,2025-02-12 00:16:32,P,,,05/24/2018,J1772 TESLA
ELEC,Icon Parking 330 E 39th Street - Tesla Destination,330 E 39th St,,New York,NY,10016,,877-798-3752,E,,Public,,,,3.0,,,Tesla Destination,https://www.tesla.com/destination-charging,200-9,40.746851,-73.972901,07/01/2024,115098,2025-02-12 00:16:32,P,,,04/30/2016,J1772 TESLA
ELEC,Quik Park 311 West Broadway LLC - Tesla Destination,311 W Broadway,,New York,NY,10013,,877-798-3752,E,,Public,,,,2.0,,,Tesla Destination,https://www.tesla.com/destination-charging,200-9,40.721801,-74.004237,07/01/2024,115091,2025-02-12 00:16:32,P,,,03/10/2016,TESLA
ELEC,Discount Parking 180 Ashland Place - Tesla Destination,180 Ashland Pl,,Brooklyn,NY,11217,,877-798-3752,E,,Public,,,,2.0,,,Tesla Destination,https://www.tesla.com/destination-charging,200-8,40.689457,-73.978606,07/01/2024,114892,2025-02-12 00:16:32,P,,,05/06/2016,TESLA
ELEC,WASO: USPP New York Field Office (NYFO),210 New York Ave,,Staten Island,NY,10305,,,E,,Public,Contact station for availability,,,2.0,,,Non-Networked,,GPS,40.6032,-74.0587,12/12/2025,443025,2026-02-02 23:16:24,FG,16.0,Department of the Interior,08/05/2025,NEMA1450
ELEC,1 WATERLINE STATION#3,10 Riverside Blvd,Waterline 1 garage,New York,NY,10069,,888-758-4389,E,,Public,24 hours daily,,,2.0,,,ChargePoint Network,https://www.chargepoint.com,GPS,40.773005,-73.992868,04/04/2026,207730,2026-04-04 02:45:51,,,,03/08/2022,J1772
ELEC,33 Norman Ave,33 Norman Ave,,Brooklyn,NY,11222,,888-356-8911,E,,Public,24 hours daily,,,4.0,,,FLO,https://www.flo.com,GPS,40.724591,-73.954512,04/04/2026,195667,2026-04-04 05:27:41,,,,09/08/2021,J1772
ELEC,Quik Park West 23rd Street Garage LLC - Tesla Destination,423-431 W 23rd St,,New York,NY,10011,,877-798-3752,E,,Public,,,,3.0,,,Tesla Destination,https://www.tesla.com/destination-charging,200-8,40.746847,-74.001816,07/01/2024,115133,2025-02-12 00:16:32,P,,,05/21/2015,J1772 TESLA
ELEC,Waterside Plaza Garage,30 Waterside Plaza,,New York,NY,19104,,855-223-5351,E,,Public,24 hours daily,A D M V,,24.0,,,FLASH,https://www.flashparking.com/products/diversify-parking-revenue/ev-charging-as-a-revenue-stream/,GPS,40.73721,-73.974085,04/04/2026,355464,2026-04-04 05:17:28,,,,09/11/2024,J1772
ELEC,Manhattan Parking Group,10 Columbus Circle,,New York,NY,10019,,888-998-2546,E,,Public,24 hours daily,,,1.0,,,Blink Network,https://blinkcharging.com,GPS,40.768721,-73.983487,04/04/2026,189112,2026-04-04 00:49:47,,,,05/03/2021,J1772
ELEC,G & M REALTY 2 STATION 5,22-44 Jackson Ave,Parking Garage,LIC,NY,11101,,888-758-4389,E,,Public,24 hours daily,,,2.0,,,ChargePoint Network,https://www.chargepoint.com,GPS,40.745355,-73.94625,04/04/2026,223836,2026-04-04 02:57:38,,,,07/21/2022,J1772
ELEC,iPark 530 E 80th Street - Tesla Destination,530 E 80th St,,New York,NY,10075,,877-798-3752,E,,Public,,,,3.0,,,Tesla Destination,https://www.tesla.com/destination-charging,200-8,40.771382,-73.948344,07/01/2024,115151,2025-02-12 00:16:32,P,,,03/10/2017,J1772 TESLA
ELEC,552 Prospect Pl,552 Prospect Pl,,Brooklyn,NY,11238,,888-385-6671,E,,Public - Credit card at all times,24 hours daily,A ACCOUNT_BALANCE ANDROID_PAY APPLE_PAY D M V,,10.0,,,LOOP,https://loopglobal.com,GPS,40.67516,-73.95827,03/12/2026,399680,2026-03-12 20:29:51,P,,,06/16/2023,J1772
ELEC,NYU NYU # 1,2 Washington Square Village,,New York,NY,10012,,888-758-4389,E,,Public,24 hours daily,,,2.0,,,ChargePoint Network,https://www.chargepoint.com,GPS,40.72808,-73.99724,04/04/2026,200988,2026-04-04 02:40:58,,,,11/11/2021,J1772
ELEC,Factory House Condominium - Crescent St,42-60 Crescent St,,Queens,NY,11101,,813-492-5220,E,,Public,24 hours daily,A ANDROID_PAY APPLE_PAY D M V,,10.0,,,EVOKE,https://evokesystems.com,GPS,40.749177,-73.942084,09/12/2025,357033,2026-03-31 19:51:34,P,,,08/15/2023,J1772
ELEC,Icon Parking 301 E 57 Street - Tesla Destination,301 E 57th St,,New York,NY,10022,,877-798-3752,E,,Public,,,,3.0,,,Tesla Destination,https://www.tesla.com/destination-charging,200-8,40.759127,-73.964684,07/01/2024,115086,2025-02-12 00:16:32,P,,,04/30/2016,J1772 TESLA
ELEC,PLG 123 Linden Apts - 1st and 2nd Floor Garage,123 Linden Blvd,,Brooklyn,NY,11226,,813-492-5220,E,,Public,24 hours daily,A ANDROID_PAY APPLE_PAY D M V,,20.0,,,EVOKE,https://evokesystems.com,GPS,40.65261,-73.954377,09/12/2025,356915,2026-03-31 19:51:34,P,,,07/20/2023,J1772
ELEC,GGMC Parking Stewart House Garage - Tesla Destination,91 East 9th St,,New York,NY,10003,,877-798-3752,E,,Public,,,,3.0,,,Tesla Destination,https://www.tesla.com/destination-charging,200-8,40.731257,-73.992101,07/01/2024,115194,2025-02-12 00:16:32,P,,,01/21/2016,J1772 TESLA
ELEC,iPark NYC E 80th Street - Tesla Destination,345 E 80th St,,New York,NY,10075,,877-798-3752,E,,Public,,,,3.0,,,Tesla Destination,https://www.tesla.com/destination-charging,200-9,40.77331,-73.952621,07/01/2024,150517,2025-02-12 00:16:32,P,,,03/07/2016,J1772 TESLA
ELEC,BELMONT PARK VI BPV ST. 13,2375 Hempstead Turnpike,,Elmont,NY,11003,,888-758-4389,E,,Public,Mon: 8:00am-11:59pm; Tue: 8:00am-11:59pm; Wed: 8:00am-11:59pm; Thu: 8:00am-11:59pm; Fri: 8:00am-11:59pm; Sat: 8:00am-11:59pm; Sun: 8:00am-11:59pm,,,2.0,,,ChargePoint Network,https://www.chargepoint.com,GPS,40.709702,-73.724997,04/04/2026,388189,2026-04-04 03:56:27,,,,03/21/2025,J1772
ELEC,Quikpark 173 W 12th Street - Tesla Destination,173 W 12th St,,New York,NY,10011,,877-798-3752,E,,Public,,,,3.0,,,Tesla Destination,https://www.tesla.com/destination-charging,200-8,40.737108,-74.000358,07/01/2024,115032,2025-02-12 00:16:32,P,,,07/17/2017,J1772 TESLA
ELEC,One Clinton Park - Garage,26 S Division St,,New Rochelle,NY,10805,,813-492-5220,E,,Public,24 hours daily,A ANDROID_PAY APPLE_PAY D M V,,25.0,,,EVOKE,https://evokesystems.com,GPS,40.907779,-73.781856,09/12/2025,356978,2026-03-31 19:51:34,P,,,12/18/2021,J1772
ELEC,Kings County Parking - Tesla Destination,581 Clarkson Ave,,Brooklyn,NY,11203,,877-798-3752,E,,Public,,,,2.0,,,Tesla Destination,https://www.tesla.com/destination-charging,200-9,40.65601,-73.940902,07/01/2024,114907,2025-02-12 00:16:32,P,,,06/16/2017,TESLA
ELEC,20RTAC STATION EE52,211 North End Ave,Top of garage ramp,New York,NY,10282,,888-758-4389,E,,Public,24 hours daily,,,2.0,,,ChargePoint Network,https://www.chargepoint.com,GPS,40.716133,-74.01556,04/04/2026,261000,2026-04-04 03:02:33,,,,05/18/2023,J1772
ELEC,87-30 204th St - Garage,87-30 204th St,,Queens,NY,11423,,813-492-5220,E,,Public,24 hours daily,A ANDROID_PAY APPLE_PAY D M V,,44.0,,,EVOKE,https://evokesystems.com,GPS,40.72165,-73.760747,09/12/2025,357108,2026-03-31 19:51:34,P,,,06/06/2024,J1772
ELEC,Icon Parking 51 W 22nd - Tesla Destination,51 W 22nd St,,New York,NY,10010,,877-798-3752,E,,Public,,,,3.0,,,Tesla Destination,https://www.tesla.com/destination-charging,200-9,40.742059,-73.992694,07/01/2024,115147,2025-02-12 00:16:32,P,,,01/21/2016,J1772 TESLA
ELEC,Enterprise Parking 150 Myrtle Ave - Tesla Destination,150 Myrtle Ave,,Brooklyn,NY,11201,,877-798-3752,E,,Public,,,,4.0,,,Tesla Destination,https://www.tesla.com/destination-charging,200-9,40.693476,-73.982605,07/01/2024,150575,2025-02-12 00:16:32,P,,,03/31/2019,TESLA
ELEC,Yorkville Towers - Garage,230 E 92nd St,,New York,NY,10128,,813-492-5220,E,,Public,24 hours daily,A ANDROID_PAY APPLE_PAY D M V,,10.0,,,EVOKE,https://evokesystems.com,GPS,40.781919,-73.950508,09/12/2025,356966,2026-03-31 19:51:34,P,,,01/12/2024,J1772
ELEC,Icon Parking University 10 Parking - Tesla Destination,63 E 9th St,,New York,NY,10003,,877-798-3752,E,,Public,,,,3.0,,,Tesla Destination,https://www.tesla.com/destination-charging,200-9,40.731887,-73.991906,07/01/2024,115177,2025-02-12 00:16:32,P,,,04/30/2016,J1772 TESLA
ELEC,Icon Parking 515 E 72nd Street - Tesla Destination,515 E 72nd St,,New York,NY,10021,,877-798-3752,E,,Public,,,,3.0,,,Tesla Destination,https://www.tesla.com/destination-charging,GPS,40.766545,-73.95292,07/01/2024,250866,2025-02-12 00:16:32,P,,,11/02/2017,J1772 TESLA
ELEC,GMC 111 E 82nd St - Tesla Destination,111 E 82nd St,,New York,NY,10065,,877-798-3752,E,,Public,,,,3.0,,,Tesla Destination,https://www.tesla.com/destination-charging,200-8,40.77735,-73.958352,07/01/2024,115000,2025-02-12 00:16:32,P,,,12/14/2016,J1772 TESLA
ELEC,342 Eldert St,342 Eldert St,,Brooklyn,NY,11237,,888-385-6671,E,,Public - Credit card at all times,24 hours daily,A ACCOUNT_BALANCE ANDROID_PAY APPLE_PAY D M V,,21.0,,,LOOP,https://loopglobal.com,GPS,40.69373,-73.90585,03/12/2026,399678,2026-03-26 14:43:02,P,,,02/06/2024,J1772
ELEC,1699 New York Ave - Tesla Destination,3310 Avenue H,,Brooklyn,NY,11210,,877-798-3752,E,,Public,,,,4.0,,,Tesla Destination,https://www.tesla.com/destination-charging,GPS,40.631576,-73.944294,07/01/2024,358858,2025-02-12 00:16:32,P,,,07/01/2024,TESLA
ELEC,JFK Airport - Cell Phone Lot,130th Pl and Hangar Rd,,Queens,NY,11430,,,E,,Public,24 hours daily,A D Debit M V,,,12.0,,REVEL,https://gorevel.com,GPS,40.656136,-73.8089,02/13/2026,390498,2026-02-13 16:34:38,P,,,03/19/2025,J1772COMBO TESLA
ELEC,Icon Parking 1350 Avenue of the Americas - Tesla Destination,1350 6th Ave,,New York,NY,10019,,877-798-3752,E,,Public,,,,3.0,,,Tesla Destination,https://www.tesla.com/destination-charging,200-9,40.762855,-73.977795,07/01/2024,115013,2025-02-12 00:16:32,P,,,08/07/2015,J1772 TESLA
ELEC,City Parking RL Mercer Street - Tesla Destination,40 Mercer St,,New York,NY,10013,,877-798-3752,E,,Public,,,,3.0,,,Tesla Destination,https://www.tesla.com/destination-charging,200-9,40.721437,-74.001238,07/01/2024,115118,2025-02-12 00:16:32,P,,,06/16/2017,J1772 TESLA
ELEC,Sylvan Parking 136-33 37th Ave - Tesla Destination,136-33 37th Ave,,Flushing,NY,11354,,877-798-3752,E,,Public,,,,3.0,,,Tesla Destination,https://www.tesla.com/destination-charging,200-9,40.761959,-73.829813,07/01/2024,150586,2025-02-12 00:16:32,P,,,03/30/2019,TESLA
ELEC,North 12 Parking (at the William Vale) - Tesla Supercharger,113 N. 12th Street,,Brooklyn,NY,11249,,877-798-3752,E,,Public,24 hours daily. Please check Tesla's online station map to see if an adapter is required at this location.,,,,4.0,,Tesla,https://www.tesla.com/supercharger,200-8,40.721853,-73.956658,07/01/2024,102327,2025-05-06 21:07:47,P,,,07/23/2018,TESLA
ELEC,303 W 66th St Apts - 303 W 66th RMA,303 W 66th St,,New York,NY,10023,,813-492-5220,E,,Public,24 hours daily,A ANDROID_PAY APPLE_PAY D M V,,10.0,,,EVOKE,https://evokesystems.com,GPS,40.776554,-73.98764,09/12/2025,356991,2026-03-31 19:51:34,P,,,02/20/2024,J1772
ELEC,Quik Park 808 Garage LLC - Tesla Destination,808 Columbus Ave,,New York,NY,10025,,877-798-3752,E,,Public,,,,3.0,,,Tesla Destination,https://www.tesla.com/destination-charging,200-9,40.793877,-73.967498,07/01/2024,115188,2025-02-12 00:16:32,P,,,11/20/2015,J1772 TESLA
ELEC,Kimball Ave,41 Kimball Ave,,Yonkers,NY,10704,,866-816-7584,E,,Public,24 hours daily,,,2.0,,,EV Connect,https://www.evconnect.com,GPS,40.904619,-73.867704,04/04/2026,333690,2026-04-04 05:08:10,,,,04/27/2024,J1772
ELEC,AKAM Associates,25-21 43rd Avenue,,Long Island City,NY,11101,,888-998-2546,E,,Public,24 hours daily,,,4.0,,,Blink Network,https://blinkcharging.com,GPS,40.748547,-73.941626,04/04/2026,252551,2026-04-04 00:18:41,,,,10/26/2022,J1772
ELEC,Fifth Street Lofts,509 48th Ave,,Long Island City,NY,11101,,888-998-2546,E,,Public,24 hours daily,,,15.0,,,Blink Network,https://blinkcharging.com,GPS,40.744813,-73.955647,04/04/2026,327938,2026-04-04 00:13:13,,,,02/10/2023,J1772
ELEC,Enterprise 57 - Garage,606 W 57th St,,New York,NY,10019,,813-492-5220,E,,Public,24 hours daily,A ANDROID_PAY APPLE_PAY D M V,,8.0,,,EVOKE,https://evokesystems.com,GPS,40.770821,-73.992675,09/12/2025,357076,2026-03-31 19:51:34,P,,,08/01/2022,J1772
ELEC,KWEV - 1 Edgewater St,1 Edgewater St,,Staten Island,NY,10305,,888-505-5938,E,,Public,24 hours daily,CREDIT M V,,10.0,,,KWEV,https://kwev.com,200-8,40.61934,-74.06861,,456215,2026-03-20 17:19:22,P,,,12/20/2022,J1772
ELEC,Barclay Tower - Garage,10 Barclay St,,New York,NY,10007,,813-492-5220,E,,Public,24 hours daily,A ANDROID_PAY APPLE_PAY D M V,,20.0,,,EVOKE,https://evokesystems.com,GPS,40.712224,-74.009106,09/12/2025,356878,2026-03-31 19:51:34,P,,,02/13/2024,J1772
ELEC,SMJ WOODHAVEN SMJ WOODHAVE 11,85-01 68th Road,,queens,NY,11374,,888-758-4389,E,,Public,24 hours daily,,,1.0,,,ChargePoint Network,https://www.chargepoint.com,GPS,40.715364,-73.859529,04/04/2026,453524,2026-04-04 04:22:20,,,,03/12/2026,J1772
ELEC,BELMONT PARK VI BPV ST. 3,2375 Hempstead Turnpike,,Elmont,NY,11003,,888-758-4389,E,,Public,Mon: 8:00am-11:59pm; Tue: 8:00am-11:59pm; Wed: 8:00am-11:59pm; Thu: 8:00am-11:59pm; Fri: 8:00am-11:59pm; Sat: 8:00am-11:59pm; Sun: 8:00am-11:59pm,,,2.0,,,ChargePoint Network,https://www.chargepoint.com,GPS,40.709523,-73.725103,04/04/2026,386971,2026-04-04 03:56:25,,,,02/27/2025,J1772
ELEC,NYC FLEET DPRWFMARNA_3_L3,109-5 Marina Rd,,Queens,NY,11368,,888-758-4389,E,,Public,24 hours daily,,,,1.0,,ChargePoint Network,https://www.chargepoint.com,GPS,40.760345,-73.85537,04/04/2026,316712,2026-04-04 03:25:14,,,,11/04/2023,CHADEMO J1772COMBO
ELEC,225 W 49th St,225 W 49th St,,New York,NY,10019,,833-611-5965,E,,Public,24 hours daily,,,4.0,,,VIALYNK,https://www.lynkwell.com,GPS,40.76154,-73.98518,04/04/2026,223273,2026-04-04 06:09:46,,,,02/17/2022,J1772
ELEC,Parkit 27 N Moore Street - Tesla Destination,27 N Moore St,,New York,NY,10013,,877-798-3752,E,,Public,,,,3.0,,,Tesla Destination,https://www.tesla.com/destination-charging,200-9,40.719869,-74.007447,07/01/2024,115074,2025-02-12 00:16:32,P,,,11/13/2015,J1772 TESLA
ELEC,Parkpro - Lafayette Avenue,325 Lafayette Avenue,,Brooklyn,NY,11238,,888-998-2546,E,,Public,24 hours daily,,,4.0,,,Blink Network,https://blinkcharging.com,GPS,40.68886,-73.96266,04/04/2026,371507,2026-04-04 00:52:37,,,,08/14/2023,J1772
ELEC,NYC FLEET DPROCBRZAC_1_L3,625 Father Capodanno Blvd,Unavailable during special events. Please consult Ocean Breeze Athletic Complex's website for more information and hours of operation.,South Beach,NY,10305,,888-758-4389,E,,Public,24 hours daily,,,,1.0,,ChargePoint Network,https://www.chargepoint.com,GPS,40.582895,-74.075522,04/04/2026,184949,2026-04-04 02:27:54,,,,02/13/2021,CHADEMO J1772COMBO
ELEC,Icon Parking 1056 5th Avenue - Tesla Destination,10 E 87th St,,New York,NY,10028,,877-798-3752,E,,Public,,,,3.0,,,Tesla Destination,https://www.tesla.com/destination-charging,GPS,40.782031,-73.959484,07/01/2024,114985,2025-02-12 00:16:32,P,,,08/23/2017,J1772 TESLA
ELEC,Valley Stream Station,305 Rockaway Ave,,Valley Stream,NY,11580,,833-611-5965,E,,Public,24 hours daily,,,6.0,,,VIALYNK,https://www.lynkwell.com,GPS,40.65983,-73.70001,04/04/2026,434176,2026-04-04 06:12:08,,,,10/23/2025,J1772
ELEC,333 Irving Ave - Garage,1510 Gates Ave,,Brooklyn,NY,11237,,813-492-5220,E,,Public,24 hours daily,A ANDROID_PAY APPLE_PAY D M V,,4.0,,,EVOKE,https://evokesystems.com,GPS,40.6984,-73.9129,09/12/2025,356931,2026-03-31 19:51:34,P,,,12/19/2021,J1772
ELEC,35-1 38th St,35-1 38th St,,Long Island City,NY,11101,,888-356-8911,E,,Public,24 hours daily,,,4.0,,,FLO,https://www.flo.com,GPS,40.755417,-73.923072,04/04/2026,193925,2026-04-04 05:27:33,,,,08/14/2021,J1772
ELEC,The Westport,500 W 56th St,,New York,NY,10019,,888-998-2546,E,,Public,24 hours daily,,,2.0,,,Blink Network,https://blinkcharging.com,GPS,40.768211,-73.989479,04/04/2026,257757,2026-04-04 00:42:09,,,,08/03/2022,J1772
ELEC,The Monarch parking garage,92-19 Guy R Brewer Blvd,,Jamaica,NY,11433,,646-787-0440,E,,Public,24 hours daily,A ACCOUNT_BALANCE ANDROID_PAY APPLE_PAY CREDIT M V,,60.0,,,NAYAX_ENERGY,https://www.nayax.com/solution/nayax-energy-core,GPS,40.704215,-73.796507,02/13/2026,448717,2026-02-13 16:34:38,P,,,07/01/2025,J1772
ELEC,EVCS-01 BUILDING 129,221 Washington Dr,Directorate of Public Works Building 129 - Parking Lot,Brooklyn,NY,11209,,888-758-4389,E,,Public,24 hours daily,,,2.0,,,ChargePoint Network,https://www.chargepoint.com,GPS,40.608875,-74.025917,04/04/2026,375726,2026-04-04 03:54:04,,,,01/16/2025,J1772
ELEC,Mobil Gas Station,6161 Broadway,,Bronx,NY,10471,,888-356-8911,E,,Public,24 hours daily,,,2.0,,,FLO,https://www.flo.com,GPS,40.895372,-73.897027,04/04/2026,395839,2026-04-04 05:31:03,,,,05/17/2025,J1772
ELEC,Quik Park Columbia Garage LLC - Tesla Destination,250 W. 97th St,,New York,NY,10025,,877-798-3752,E,,Public,,,,3.0,,,Tesla Destination,https://www.tesla.com/destination-charging,200-8,40.795624,-73.971961,07/01/2024,115069,2025-02-12 00:16:32,P,,,03/14/2016,J1772 TESLA
ELEC,Quik Park 81 Fleet Place LLC - Tesla Destination,81 Fleet Pl,,Brooklyn,NY,11201,,877-798-3752,E,,Public,,,,3.0,,,Tesla Destination,https://www.tesla.com/destination-charging,200-9,40.693248,-73.981744,07/01/2024,114915,2025-02-12 00:16:32,P,,,03/11/2016,J1772 TESLA
ELEC,MPG 1-50 51st Ave - Tesla Destination,1-50 51st Ave,,Long Island City,NY,11101,,877-798-3752,E,,Public,,,,4.0,,,Tesla Destination,https://www.tesla.com/destination-charging,200-9,40.743049,-73.959245,07/01/2024,114968,2025-02-12 00:16:32,P,,,05/15/2018,TESLA
ELEC,East End Studio,48-37 48th St,,Woodside,NY,11377,,833-611-5965,E,,Public,24 hours daily,,,11.0,,,VIALYNK,https://www.lynkwell.com,GPS,40.73811,-73.9177,04/04/2026,453306,2026-04-04 06:12:24,,,,03/07/2026,J1772
ELEC,250 Vesey,250 Vesey St,,New York,NY,10281,,833-692-6787,E,,Public - Credit card at all times,Contact station for hours of availability.,A ANDROID_PAY APPLE_PAY CREDIT D M,,2.0,,,AMPUP,https://ampup.io,200-9,40.714113,-74.01581,10/11/2022,229903,2023-02-14 15:54:11,P,,,09/15/2022,J1772
ELEC,1 WATERLINE STATION#10,10 Riverside Blvd,,New York,NY,10069,,888-758-4389,E,,Public,24 hours daily,,,2.0,,,ChargePoint Network,https://www.chargepoint.com,GPS,40.772896,-73.992546,04/04/2026,316933,2026-04-04 02:49:49,,,,11/08/2023,J1772
ELEC,JON - Jerome 190th Street Municipal Parking Garage,2478 Jerome Avenue,,Bronx,NY,10468,,866-816-7584,E,,Public,24 hours daily,,,5.0,,,EV Connect,https://www.evconnect.com,GPS,40.86334,-73.900066,04/04/2026,94830,2026-04-04 05:05:14,,,,01/08/2015,J1772
ELEC,Icon Parking 100 Riverside Blvd. - Tesla Destination,100 Riverside Blvd,,New York,NY,10024,,877-798-3752,E,,Public,,,,3.0,,,Tesla Destination,https://www.tesla.com/destination-charging,200-9,40.775474,-73.989763,07/01/2024,114989,2025-02-12 00:16:32,P,,,01/21/2016,J1772 TESLA
ELEC,610 Warren Street - Tesla Destination,610 Warren Street,,Brooklyn,NY,11217,,877-798-3752,E,,Public,,,,6.0,,,Tesla Destination,https://www.tesla.com/destination-charging,200-9,40.681263,-73.981155,07/01/2024,168558,2025-02-12 00:16:32,P,,,06/16/2017,TESLA
ELEC,551W21 SR Capital - Tesla Destination,558 West 21st Street,,New York,NY,10011,,877-798-3752,E,,Public,,,,6.0,,,Tesla Destination,https://www.tesla.com/destination-charging,200-9,40.747437,-74.007111,07/01/2024,168556,2025-02-12 00:16:32,P,,,12/28/2016,TESLA
ELEC,iPark NYC 333 E 38th NYU - Tesla Destination,333 E 38th St,,New York,NY,10016,,877-798-3752,E,,Public,,,,3.0,,,Tesla Destination,https://www.tesla.com/destination-charging,200-8,40.746565,-73.971591,07/01/2024,115101,2025-02-12 00:16:32,P,,,12/14/2015,J1772 TESLA
ELEC,Enterprise 38 - Garage,505 W 37th St,,New York,NY,10018,,813-492-5220,E,,Public,24 hours daily,A ANDROID_PAY APPLE_PAY D M V,,4.0,,,EVOKE,https://evokesystems.com,GPS,40.757123,-73.99832,09/12/2025,357049,2026-03-31 19:51:34,P,,,12/06/2021,J1772
ELEC,iPark NYC E 77th Street - Tesla Destination,165 E 77th St,,New York,NY,10014,,877-798-3752,E,,Public,,,,3.0,,,Tesla Destination,https://www.tesla.com/destination-charging,200-8,40.773415,-73.959234,07/01/2024,115028,2025-02-12 00:16:32,P,,,05/15/2015,J1772 TESLA
ELEC,CITYLIGHTS QUEENS LANDING,4-74 48th Ave,First floor parking garage,Long Island City,NY,11109,,888-758-4389,E,,Public,24 hours daily,,,2.0,,,ChargePoint Network,https://www.chargepoint.com,GPS,40.745011,-73.957424,04/04/2026,144109,2026-04-04 01:58:02,,,,08/28/2019,J1772
ELEC,Rapidpark 575 1st Avenue - Tesla Destination,575 1st Ave,,New York,NY,10016,,877-798-3752,E,,Public,,,,3.0,,,Tesla Destination,https://www.tesla.com/destination-charging,200-8,40.742735,-73.974296,07/01/2024,115163,2025-02-12 00:16:32,P,,,06/13/2017,J1772 TESLA
ELEC,2 Bedford Park Blvd W,2 Bedford Park Blvd W,,Bronx,NY,10468,,888-356-8911,E,,Public,24 hours daily,,,4.0,,,FLO,https://www.flo.com,GPS,40.875422,-73.893941,04/04/2026,200599,2026-04-04 05:28:09,,,,11/05/2021,J1772
ELEC,Popeye's,89-30 Queens Blvd,,Elmhurst,NY,11373,,800-636-0986,E,,Public,,,,4.0,,,CHARGELAB,https://chargelab.co,GPS,40.734125,-73.873486,04/04/2026,455673,2026-04-04 07:13:12,,,,03/18/2026,J1772
ELEC,170 FREEMAN 5,170 Freeman Street,,Brooklyn,NY,11222,,888-758-4389,E,,Public,24 hours daily,,,1.0,,,ChargePoint Network,https://www.chargepoint.com,GPS,40.734245,-73.95467,04/04/2026,417255,2026-04-04 04:09:18,,,,07/30/2025,J1772
ELEC,Propark 401 W 110th Street - Tesla Destination,401 W 110th St,,New York,NY,10025,,877-798-3752,E,,Public,,,,3.0,,,Tesla Destination,https://www.tesla.com/destination-charging,200-9,40.802151,-73.961705,07/01/2024,115123,2025-02-12 00:16:32,P,,,08/23/2017,J1772 TESLA
ELEC,Lincoln Square Garage,179 West 68th,,New York,NY,10023,,888-998-2546,E,,Public,24 hours daily,,,1.0,,,Blink Network,https://blinkcharging.com,GPS,40.776152,-73.98282,04/04/2026,223392,2026-04-04 00:40:33,,,,07/10/2022,J1772
ELEC,ENG-000035,82-20 Astoria Blvd,,"East Elmhurst,",NY,11370,,888-991-9386,E,,Public,24 hours daily,A ANDROID_PAY APPLE_PAY CREDIT M V,,3.0,,,WEVO,https://wevo.energy,200-8,40.76447,-73.8863,03/12/2026,451557,2026-03-12 20:29:51,P,,,09/01/2025,J1772
ELEC,Gravity Charging Center,401-471 W 42nd St,W 42nd Street & Dyer Avenue,New York,NY,10036,,646-371-9157,E,,Public,9am-9pm M-Sun,A ANDROID_PAY APPLE_PAY D M V,,,24.0,,GRAVITY_CHARGING_CENTER,https://gravitytechnologies.com,200-8,40.75878,-73.99293,11/06/2024,350559,2026-03-13 16:27:31,P,,,03/04/2024,J1772COMBO TESLA
ELEC,Rapidpark 99 Park Ave - Tesla Destination,105 E 39th,,New York,NY,10016,,877-798-3752,E,,Public,,,,3.0,,,Tesla Destination,https://www.tesla.com/destination-charging,200-8,40.750013,-73.978525,07/01/2024,114996,2025-02-12 00:16:32,P,,,05/24/2018,J1772 TESLA
ELEC,GMC Parking 420 E 53rd - Tesla Destination,420 E 53rd St,,New York,NY,10022,,877-798-3752,E,,Public,,,,1.0,,,Tesla Destination,https://www.tesla.com/destination-charging,200-8,40.755289,-73.963804,07/01/2024,115130,2025-02-12 00:16:32,P,,,08/10/2018,TESLA
ELEC,Center for Community Health,510 5th St,,Brooklyn,NY,11215,,866-816-7584,E,,Public,24 hours daily,,,6.0,,,EV Connect,https://www.evconnect.com,GPS,40.668478,-73.97864,04/04/2026,446285,2026-04-04 05:11:33,,,,11/22/2025,J1772
ELEC,CenterPark 4172 Broadway - Tesla Destination,4172 Broadway Ave,,Washington Heights,NY,10033,,877-798-3752,E,,Public,,,,4.0,,,Tesla Destination,https://www.tesla.com/destination-charging,200-8,40.847422,-73.937922,07/01/2024,150571,2025-02-12 00:16:32,P,,,03/31/2019,TESLA
ELEC,Rapidpark 15 W 72nd Street - Tesla Destination,15 W 72nd St,,New York,NY,10023,,877-798-3752,E,,Public,,,,3.0,,,Tesla Destination,https://www.tesla.com/destination-charging,200-9,40.776813,-73.977083,07/01/2024,115017,2025-02-12 00:16:32,P,,,04/13/2017,J1772 TESLA
ELEC,1493 Shore Pkwy,1493 Shore Pkwy,,Brooklyn,NY,11214,,800-636-0986,E,,Public,,,,2.0,,,CHARGELAB,https://chargelab.co,GPS,40.597584,-74.003485,04/04/2026,455711,2026-04-04 07:13:24,,,,03/18/2026,J1772
ELEC,"Queens Center Mall (Elmhurst, NY)",90-15 Queens Blvd.,,Elmhurst,NY,11373,,833-632-2778,E,,Public,24 hours daily,,,1.0,3.0,,Electrify America,https://www.electrifyamerica.com,GPS,40.73487,-73.87038,04/04/2026,147204,2026-04-04 04:54:11,,,,10/24/2019,J1772 J1772COMBO
ELEC,Icon Parking 101 West End Ave - Tesla Destination,101 West End Ave,,New York,NY,10023,,877-798-3752,E,,Public,,,,3.0,,,Tesla Destination,https://www.tesla.com/destination-charging,200-9,40.775065,-73.988572,07/01/2024,114994,2025-02-12 00:16:32,P,,,01/21/2016,J1772 TESLA
ELEC,352 8th St,352 8th St,,Brooklyn,NY,11215,,888-356-8911,E,,Public,24 hours daily,,,2.0,,,FLO,https://www.flo.com,GPS,40.668517,-73.983283,04/04/2026,202165,2026-04-04 05:27:56,,,,12/08/2021,J1772
ELEC,626 Sheepshead Bay Rd - Parking,626 Sheepshead Bay Rd,,Brooklyn,NY,11224,,888-998-2546,E,,Public,Mon: 8:00am-8:00pm; Tue: 8:00am-8:00pm; Wed: 8:00am-8:00pm; Thu: 8:00am-8:00pm; Fri: 8:00am-8:00pm; Sat: 8:00am-8:00pm; Sun: 8:00am-8:00pm,,,6.0,,,Blink Network,https://blinkcharging.com,GPS,40.578973,-73.975113,04/04/2026,197548,2026-04-04 00:20:25,,,,10/08/2021,J1772
ELEC,Mayfair Apts - Garage,207 E. 74th St,,New York,NY,10021,,813-492-5220,E,,Public,24 hours daily,A ANDROID_PAY APPLE_PAY D M V,,20.0,,,EVOKE,https://evokesystems.com,GPS,40.770958,-73.958625,09/12/2025,356958,2026-03-31 19:51:34,P,,,07/27/2022,J1772
ELEC,1 WATERLINE STATION#1,10 Riverside Blvd,First Station,New York,NY,10069,,888-758-4389,E,,Public,24 hours daily,,,2.0,,,ChargePoint Network,https://www.chargepoint.com,GPS,40.772896,-73.992536,04/04/2026,207795,2026-04-04 02:45:51,,,,03/09/2022,J1772
ELEC,PLAYHOUSE APTS CHARGER #2,102 Middle Neck Road,,Great Neck,NY,11021,,888-758-4389,E,,Public,24 hours daily,,,1.0,,,ChargePoint Network,https://www.chargepoint.com,GPS,40.789609,-73.730325,04/04/2026,391713,2026-04-04 04:00:17,,,,05/03/2025,J1772
ELEC,SMJ WOODHAVEN SMJ WOODHAVE 20,85-01 68th Road,,queens,NY,11374,,888-758-4389,E,,Public,24 hours daily,,,1.0,,,ChargePoint Network,https://www.chargepoint.com,GPS,40.715273,-73.859372,04/04/2026,453514,2026-04-04 04:22:12,,,,03/12/2026,J1772
ELEC,BELMONT PARK VI BPV ST. 2,2375 Hempstead Turnpike,,Elmont,NY,11003,,888-758-4389,E,,Public,Mon: 8:00am-11:59pm; Tue: 8:00am-11:59pm; Wed: 8:00am-11:59pm; Thu: 8:00am-11:59pm; Fri: 8:00am-11:59pm; Sat: 8:00am-11:59pm; Sun: 8:00am-11:59pm,,,2.0,,,ChargePoint Network,https://www.chargepoint.com,GPS,40.709581,-73.725264,04/04/2026,386969,2026-04-04 03:56:25,,,,02/27/2025,J1772
ELEC,ARCHER GREEN MI STATION 4,92-23 168th St,,Jamaica,NY,11433,,888-758-4389,E,,Public,24 hours daily,,,1.0,,,ChargePoint Network,https://www.chargepoint.com,GPS,40.70525,-73.791534,04/04/2026,225479,2026-04-04 02:34:03,,,,08/13/2022,J1772
ELEC,RUDIN 136E55TH EV 3,200 E 54th St,,New York,NY,10022,,888-758-4389,E,,Public,24 hours daily,,,2.0,,,ChargePoint Network,https://www.chargepoint.com,GPS,40.759363,-73.969787,04/04/2026,387610,2026-04-04 03:39:20,,,,03/12/2025,J1772
ELEC,Gramercy Plaza  - Parking Garage,130 East 18th St,,New York,NY,10003,,888-998-2546,E,,Public,24 hours daily,,,2.0,,,Blink Network,https://blinkcharging.com,GPS,40.736217,-73.986665,04/04/2026,259868,2026-04-04 00:58:00,,,,08/04/2022,J1772
ELEC,1 WATERLINE STATION#8,10 Riverside Blvd,,New York,NY,10069,,888-758-4389,E,,Public,24 hours daily,,,2.0,,,ChargePoint Network,https://www.chargepoint.com,GPS,40.772871,-73.992514,04/04/2026,207729,2026-04-04 02:45:51,,,,03/08/2022,J1772
ELEC,CORP COMM 3 STATION 6 CC3,Teleport Dr/Corp Commons Bldg,"Parking garage, 3rd Floor",Staten Island,NY,10314,,888-758-4389,E,,Public,24 hours daily,,,2.0,,,ChargePoint Network,https://www.chargepoint.com,GPS,40.603961,-74.179472,04/04/2026,252141,2026-04-04 02:21:58,,,,01/26/2023,J1772
ELEC,Revel - Lower Manhattan,299 South St,,New York,NY,10002,,,E,,Public,24 hours daily,A D Debit M V,,,10.0,,REVEL,https://gorevel.com,GPS,40.710294,-73.984768,02/13/2026,358440,2026-02-13 16:34:38,P,,,10/08/2024,J1772COMBO TESLA
ELEC,Queens Crossing - Tesla Supercharger,136-20 38th Avenue,,Flushing,NY,11354,,877-798-3752,E,,Public,6am-12am daily. Please check Tesla's online station map to see if an adapter is required at this location.,,,,4.0,,Tesla,https://www.tesla.com/supercharger,GPS,40.760856,-73.829765,07/01/2024,153417,2025-05-06 21:07:47,P,,,01/31/2020,TESLA
ELEC,Concourse Village - Garage,771 Concourse Village W,,The Bronx,NY,10451,,813-492-5220,E,,Public,24 hours daily,A ANDROID_PAY APPLE_PAY D M V,,9.0,,,EVOKE,https://evokesystems.com,GPS,40.824642,-73.923013,09/12/2025,357096,2026-03-31 19:51:34,P,,,01/30/2024,J1772
ELEC,170 FREEMAN 17,1038 Manhattan Ave,,Brooklyn,NY,11222,,888-758-4389,E,,Public,24 hours daily,,,1.0,,,ChargePoint Network,https://www.chargepoint.com,GPS,40.734135,-73.954657,04/04/2026,434739,2026-04-04 04:09:20,,,,10/24/2025,J1772
ELEC,GMC Copley Parking - Tesla Destination,2000 Broadway,,New York,NY,10023,,877-798-3752,E,,Public,,,,3.0,,,Tesla Destination,https://www.tesla.com/destination-charging,200-9,40.775283,-73.981627,07/01/2024,115044,2025-02-12 00:16:32,P,,,06/22/2017,TESLA
ELEC,EVolve NY Queens JFK Airport,130th Place Between E & W Hangar Road,,Queens,NY,11430,,833-632-2778,E,,Public,24 hours daily,,,,10.0,,Electrify America,https://www.electrifyamerica.com,GPS,40.65608,-73.80809,04/04/2026,194919,2026-04-04 04:51:34,,,,09/02/2021,CHADEMO J1772COMBO
ELEC,2nd Precinct,441 Central Park Ave,,Yonkers,NY,10704,,866-816-7584,E,,Public,24 hours daily,,,2.0,,,EV Connect,https://www.evconnect.com,GPS,40.919447,-73.868721,04/04/2026,260293,2026-04-04 05:08:04,,,,05/04/2023,J1772
ELEC,The Stratford - Garage,1385 York Ave,,New York,NY,10021,,813-492-5220,E,,Public,24 hours daily,A ANDROID_PAY APPLE_PAY D M V,,20.0,,,EVOKE,https://evokesystems.com,GPS,40.76953,-73.9519,09/12/2025,356924,2026-03-31 19:51:34,P,,,11/20/2022,J1772
ELEC,Icon Parking 235 W 48th - Tesla Destination,235 W 48th St,,Manhattan,NY,10036,,877-798-3752,E,,Public,,,,4.0,,,Tesla Destination,https://www.tesla.com/destination-charging,200-9,40.76073,-73.985995,07/01/2024,114972,2025-02-12 00:16:32,P,,,08/10/2018,TESLA
ELEC,Townsend Ave - Parking lot Ground level,1765 Townsend Ave,,Bronx,NY,10453,,813-492-5220,E,,Public,24 hours daily,A ANDROID_PAY APPLE_PAY D M V,,6.0,,,EVOKE,https://evokesystems.com,GPS,40.847928,-73.911582,09/12/2025,356945,2026-03-31 19:51:34,P,,,01/02/2023,J1772
ELEC,Rapidpark 35 E 75th Street - Tesla Destination,35 E 75th St,,New York,NY,10021,,877-798-3752,E,,Public,,,,3.0,,,Tesla Destination,https://www.tesla.com/destination-charging,200-8,40.77364,-73.963722,07/01/2024,115106,2025-02-12 00:16:32,P,,,08/17/2017,J1772 TESLA
ELEC,Solarium Condominium - Indoor,5-43 47th Ave,,Queens,NY,11101,,813-492-5220,E,,Public,24 hours daily,A ANDROID_PAY APPLE_PAY D M V,,10.0,,,EVOKE,https://evokesystems.com,GPS,40.745825,-73.953794,09/12/2025,421059,2026-03-31 19:51:34,P,,,06/26/2024,J1772
ELEC,Gun Hill Commons - Tesla Supercharger,1750 E Gun Hill Rd,,Bronx,NY,10469,,877-798-3752,E,,Public,24 hours daily,A D Debit M V,,,24.0,,Tesla,https://www.tesla.com/supercharger,GPS,40.863683,-73.833831,01/13/2026,448756,2026-02-02 23:16:24,P,,,12/31/2025,J1772COMBO TESLA
ELEC,100 E 15th St - 100 E 15th St,100 E 15th St,,New York,NY,10003,,813-492-5220,E,,Public,24 hours daily,A ANDROID_PAY APPLE_PAY D M V,,10.0,,,EVOKE,https://evokesystems.com,GPS,40.735004,-73.989356,09/12/2025,356879,2026-03-31 19:51:34,P,,,05/21/2024,J1772
ELEC,Central Parking - Tower 31,9 W 31st Street,,New York,NY,10001,,888-998-2546,E,,Public,24 hours daily,,,2.0,,,Blink Network,https://blinkcharging.com,GPS,40.74709,-73.98667,04/04/2026,260005,2026-04-04 00:53:23,,,,04/27/2023,J1772
ELEC,PANYNJ LGATCGARAGE 5-3,LaGuardia Airport LaGuardia Airport,Level 5,Queens,NY,11371,,888-758-4389,E,,Public,24 hours daily,,,1.0,,,ChargePoint Network,https://www.chargepoint.com,GPS,40.769509,-73.865421,04/04/2026,331865,2026-04-04 03:35:11,,,,04/06/2024,J1772
ELEC,iPark NYC 549 W 23rd Street - Tesla Destination,549 W 23rd St,,New York,NY,10011,,877-798-3752,E,,Public,,,,3.0,,,Tesla Destination,https://www.tesla.com/destination-charging,200-9,40.749255,-74.005914,07/01/2024,115158,2025-02-12 00:16:32,P,,,05/15/2015,J1772 TESLA
ELEC,NYC FLEET DPRWFMARINA-S2,1 Marina Rd,,Queens,NY,11368,,888-758-4389,E,,Public,24 hours daily,,,1.0,,,ChargePoint Network,https://www.chargepoint.com,GPS,40.761212,-73.857765,04/04/2026,260377,2026-04-04 03:06:05,,,,05/06/2023,J1772
ELEC,33-10 Queens Blvd,33-10 Queens Blvd,,Queens,NY,11101,,888-356-8911,E,,Public,24 hours daily,,,4.0,,,FLO,https://www.flo.com,GPS,40.744362,-73.93112,04/04/2026,204691,2026-04-04 05:28:25,,,,01/12/2022,J1772
ELEC,Quik Park 365 Management LLC - Tesla Destination,365 Bond St,,Brooklyn,NY,11231,,877-798-3752,E,,Public,,,,3.0,,,Tesla Destination,https://www.tesla.com/destination-charging,200-9,40.677412,-73.990986,07/01/2024,114902,2025-02-12 00:16:32,P,,,01/10/2017,J1772 TESLA
ELEC,iPark 41 E 85th Street - Tesla Destination,41 E 85th St,,New York,NY,10028,,877-798-3752,E,,Public,,,,3.0,,,Tesla Destination,https://www.tesla.com/destination-charging,200-8,40.779876,-73.958579,07/01/2024,115125,2025-02-12 00:16:32,P,,,10/20/2016,J1772 TESLA
ELEC,141 E 89th St - Garage,141 E 89th St,,New York,NY,10128,,813-492-5220,E,,Public,24 hours daily,A ANDROID_PAY APPLE_PAY D M V,,6.0,,,EVOKE,https://evokesystems.com,GPS,40.776897,-73.948795,09/12/2025,356927,2026-03-31 19:51:34,P,,,11/02/2023,J1772
ELEC,Ravel Hotel,8-08 Queens Pl S,,Long Island City,NY,11101,,718-289-6101,E,,Public,24 hours daily; for guests only,A D M V,,2.0,,,TURNONGREEN,https://turnongreen.com,200-8,40.75402,-73.9493,12/12/2025,320967,2026-02-02 23:16:24,P,,,10/01/2023,J1772
ELEC,419 Stuyvesant Ave,419 Stuyvesant Ave,,Brooklyn,NY,11233,,888-356-8911,E,,Public,24 hours daily,,,2.0,,,FLO,https://www.flo.com,GPS,40.679727,-73.931347,04/04/2026,202930,2026-04-04 05:27:19,,,,12/22/2021,J1772
ELEC,Rapidpark 351 East 83rd - Tesla Destination,351 E 83rd,,New York,NY,10028,,877-798-3752,E,,Public,,,,3.0,,,Tesla Destination,https://www.tesla.com/destination-charging,200-8,40.775123,-73.951193,07/01/2024,115110,2025-02-12 00:16:32,P,,,05/24/2018,J1772 TESLA
ELEC,Brooklyn Steiner,15 Washington Ave,,Brooklyn,NY,11205,,844-798-2438,E,,Public,24 hours daily; for employee use only,A D Debit M V,,3.0,,,Non-Networked,,GPS,40.7001,-73.967796,,341717,2025-05-15 20:02:14,P,,,05/15/2024,J1772
ELEC,MCDONALD'S WILLIAMSBRDG 01,115 Williamsbridge Road,,The Bronx,NY,10461,,888-758-4389,E,,Public,24 hours daily,,,1.0,,,ChargePoint Network,https://www.chargepoint.com,GPS,40.84435,-73.84685,04/04/2026,390634,2026-04-04 04:01:30,,,,04/23/2025,J1772
ELEC,170 FREEMAN 9,170 Freeman Street,,Brooklyn,NY,11222,,888-758-4389,E,,Public,24 hours daily,,,1.0,,,ChargePoint Network,https://www.chargepoint.com,GPS,40.734278,-73.95463,04/04/2026,417257,2026-04-04 04:09:19,,,,07/30/2025,J1772
ELEC,Standard Parking 151 W 17th Street - Tesla Destination,151 W 17th St,,New York,NY,10011,,877-798-3752,E,,Public,,,,3.0,,,Tesla Destination,https://www.tesla.com/destination-charging,200-9,40.740243,-73.997591,07/01/2024,115021,2025-02-12 00:16:32,P,,,07/11/2017,J1772 TESLA
ELEC,Icon Parking 5 E 22nd Street - Tesla Destination,5 E 22nd St,,New York,NY,10010,,877-798-3752,E,,Public,,,,3.0,,,Tesla Destination,https://www.tesla.com/destination-charging,200-9,40.740458,-73.989037,07/01/2024,115142,2025-02-12 00:16:32,P,,,04/30/2016,J1772 TESLA
ELEC,E 47th Street - Tesla Supercharger,212 East 47th Street,,New York,NY,10017,,877-798-3752,E,,Public,24 hours daily. Please check Tesla's online station map to see if an adapter is required at this location.,,,,4.0,,Tesla,https://www.tesla.com/supercharger,200-9,40.753356,-73.971685,07/01/2024,102336,2025-05-06 21:07:47,P,,,07/23/2018,TESLA
ELEC,395 Lenox Rd,395 Lenox Rd,,Brooklyn,NY,11203,,888-356-8911,E,,Public,24 hours daily,,,4.0,,,FLO,https://www.flo.com,GPS,40.654476,-73.946741,04/04/2026,202766,2026-04-04 05:27:48,,,,12/17/2021,J1772
ELEC,Port Washington School District Manor haven Elementary School,12 Morewood Oaks Dr,,Port Washington,NY,11050,,833-611-5965,E,,Public,24 hours daily,,,6.0,,,VIALYNK,https://www.lynkwell.com,GPS,40.84712,-73.71102,04/04/2026,446037,2026-04-04 06:12:10,,,,11/20/2025,J1772
ELEC,351 E 83rd Street,351 East 83rd St,,New York,NY,10028,,833-611-5965,E,,Public,24 hours daily,,,4.0,,,VIALYNK,https://www.lynkwell.com,GPS,40.77533,-73.95108,04/04/2026,324766,2026-04-04 06:09:07,,,,04/19/2023,J1772
ELEC,Icon 80 Riverside Blvd - Tesla Destination,80 Riverside Blvd,,New York,NY,10069,,877-798-3752,E,,Public,,,,3.0,,,Tesla Destination,https://www.tesla.com/destination-charging,200-9,40.775374,-73.989687,07/01/2024,115187,2025-02-12 00:16:32,P,,,06/30/2016,J1772 TESLA
ELEC,Loews Regency New York - Tesla Destination,540 Park Ave,,New York,NY,10065,,877-798-3752,E,,Public,,,,3.0,,,Tesla Destination,https://www.tesla.com/destination-charging,200-9,40.764423,-73.968865,07/01/2024,115156,2025-02-12 00:16:32,P,,,10/13/2016,J1772 TESLA
ELEC,Pinnacle City - 1st Floor,111 Kent Ave,,Brooklyn,NY,11249,,813-492-5220,E,,Public,24 hours daily,A ANDROID_PAY APPLE_PAY D M V,,5.0,,,EVOKE,https://evokesystems.com,GPS,40.720345,-73.961534,09/12/2025,356902,2026-03-31 19:51:34,P,,,08/21/2022,J1772
ELEC,31-99 33rd St,31-99 33rd St,,Astoria,NY,11106,,888-356-8911,E,,Public,24 hours daily,,,2.0,,,FLO,https://www.flo.com,GPS,40.761412,-73.923755,04/04/2026,193926,2026-04-04 05:28:32,,,,08/14/2021,J1772
ELEC,STATION 4TH FL MOTORGATE #1,688 Main St,Motorgate Garage -Fourth Level,New York,NY,10044,,888-758-4389,E,,Public,24 hours daily,,,2.0,,,ChargePoint Network,https://www.chargepoint.com,GPS,40.764429,-73.946793,04/04/2026,169880,2026-04-04 02:21:48,,,,12/03/2020,J1772
ELEC,231 E 94th Street,231 E 94th Street,,New York,NY,10128,,833-611-5965,E,,Public,24 hours daily,,,4.0,,,VIALYNK,https://www.lynkwell.com,GPS,40.78351,-73.94888,04/04/2026,223297,2026-04-04 06:09:05,,,,05/23/2022,J1772
ELEC,HAMPTON INN STATION 4,1120 South Ave,Side of Hampton Inn & Suites,Staten Island,NY,10314,,888-758-4389,E,,Public,24 hours daily,,,2.0,,,ChargePoint Network,https://www.chargepoint.com,GPS,40.612678,-74.178885,04/04/2026,181661,2026-04-04 02:21:20,,,,01/27/2021,J1772
ELEC,Dana Ford Lincoln,266 W Service Rd,,Staten Island,NY,10314,,718-983-8700,E,,Public - Call ahead,Dealership business hours; for customer use only,,,1.0,,,Non-Networked,,GPS,40.587162,-74.194747,11/13/2025,64140,2026-02-02 23:16:24,P,,,11/01/2014,J1772
ELEC,44 W 62nd St.,44 W 62nd St.,,New York,NY,10023,,833-611-5965,E,,Public,24 hours daily,,,4.0,,,VIALYNK,https://www.lynkwell.com,GPS,40.7708,-73.98323,04/04/2026,223268,2026-04-04 06:08:31,,,,02/09/2022,J1772
ELEC,CENTERS HEALTHC EV-4,170 Buffalo Ave,Prospect PL Lot,Brooklyn,NY,11213,,888-758-4389,E,,Public,24 hours daily,,,2.0,,,ChargePoint Network,https://www.chargepoint.com,GPS,40.673237,-73.925718,04/04/2026,328308,2026-04-04 03:31:58,,,,02/14/2024,J1772
ELEC,QBO - Queens Borough Hall Municipal Parking Garage,80-25 126th St,,Kew Gardens,NY,11415,,866-816-7584,E,,Public,24 hours daily,,,31.0,3.0,,EV Connect,https://www.evconnect.com,GPS,40.714539,-73.826163,04/04/2026,261745,2026-04-04 05:08:37,,,,06/01/2023,CHADEMO J1772 J1772COMBO
ELEC,Icon Parking 16 W 16th Street - Tesla Destination,16 W 16th St,,New York,NY,10011,,877-798-3752,E,,Public,,,,3.0,,,Tesla Destination,https://www.tesla.com/destination-charging,200-8,40.737891,-73.994058,07/01/2024,115026,2025-02-12 00:16:32,P,,,01/21/2016,J1772 TESLA
ELEC,Parkash 4769 LLC - 4769 White Plains,4769 White Plains Road,,Bronx,NY,10470,,888-998-2546,E,,Public,24 hours daily,,,7.0,,,Blink Network,https://blinkcharging.com,GPS,40.905461,-73.849791,04/04/2026,241222,2026-04-04 00:26:25,,,,08/05/2022,J1772
ELEC,SMJ WOODHAVEN SMJ WOODHAVEN 4,85-01 68th Road,,queens,NY,11374,,888-758-4389,E,,Public,24 hours daily,,,1.0,,,ChargePoint Network,https://www.chargepoint.com,GPS,40.71523,-73.859462,04/04/2026,454053,2026-04-04 04:22:19,,,,03/13/2026,J1772
ELEC,270 Greenwich St - Tesla Destination,270 Greenwich St,,New York,NY,10007,,877-798-3752,E,,Public,,,,2.0,,,Tesla Destination,https://www.tesla.com/destination-charging,GPS,40.715534,-74.012052,07/01/2024,359123,2025-05-06 21:10:23,P,,,,J1772 TESLA
ELEC,CORP COMM 3 STATION 10 CC3,Teleport Dr/Corp Commons Bldg,"In parking garage, 2nd Floor",Staten Island,NY,10314,,888-758-4389,E,,Public,24 hours daily,,,2.0,,,ChargePoint Network,https://www.chargepoint.com,GPS,40.60429,-74.17979,04/04/2026,252137,2026-04-04 02:21:57,,,,01/26/2023,J1772
ELEC,Enterprise Parking 147 Flatbush Avenue Extension - Tesla Destination,147 Flatbush Ave Ext,,Brooklyn,NY,11201,,877-798-3752,E,,Public,,,,4.0,,,Tesla Destination,https://www.tesla.com/destination-charging,200-9,40.695154,-73.983861,07/01/2024,150576,2025-02-12 00:16:32,P,,,03/31/2019,TESLA
ELEC,Hunters Point South Crossing,1-55 Borden Avenue,,Long Island City,NY,11101,,888-998-2546,E,,Public,24 hours daily,,,2.0,,,Blink Network,https://blinkcharging.com,GPS,40.742397,-73.959225,04/04/2026,191469,2026-04-04 01:04:44,,,,06/02/2021,J1772
ELEC,Parkright 670 W 43rd Street - Tesla Destination,670 W 43rd St,,New York,NY,10036,,877-798-3752,E,,Public,,,,3.0,,,Tesla Destination,https://www.tesla.com/destination-charging,200-8,40.762189,-73.999714,07/01/2024,115178,2025-02-12 00:16:32,P,,,11/13/2015,J1772 TESLA
ELEC,160 W 84th St,160 W 84th St,,Manhattan,NY,10024,,888-356-8911,E,,Public,24 hours daily,,,2.0,,,FLO,https://www.flo.com,GPS,40.786312,-73.97569,04/04/2026,222579,2026-04-04 05:28:16,,,,07/07/2022,J1772
ELEC,PANYNJ JFK Y GARAGE 4,JFK Terminal 5 JFK International Airport,,Queens,NY,11430,,888-758-4389,E,,Public,24 hours daily,,,2.0,,,ChargePoint Network,https://www.chargepoint.com,GPS,40.645841,-73.779222,04/04/2026,147470,2026-04-04 01:59:07,,,,11/02/2019,J1772
ELEC,Central Parking - 350 E 30th Street,350 E 30th Street,,New York,NY,10016,,888-998-2546,E,,Public,24 hours daily,,,1.0,,,Blink Network,https://blinkcharging.com,GPS,40.741065,-73.975788,04/04/2026,260075,2026-04-04 01:00:20,,,,07/20/2022,J1772
ELEC,30-10 35th Street,30-10 35th Street,,Queens,NY,11103,,888-356-8911,E,,Public,24 hours daily,,,2.0,,,FLO,https://www.flo.com,GPS,40.765233,-73.918436,04/04/2026,225576,2026-04-04 05:27:47,,,,08/16/2022,J1772
ELEC,QT STATION 3,62-10 Northern Blvd,visitor parking,Woodside,NY,11377,,888-758-4389,E,,Public,24 hours daily,,,2.0,,,ChargePoint Network,https://www.chargepoint.com,GPS,40.753601,-73.899806,04/04/2026,224508,2026-04-04 02:56:23,,,,07/28/2022,J1772
ELEC,Biener Ford - Great Neck,661 Northern Blvd,,Great Neck,NY,11021,,888-717-4544,E,,Public,24 hours daily,,,,4.0,,CHARGESMART_EV,https://chargesmartev.com,GPS,40.783346,-73.714477,04/04/2026,452289,2026-04-04 06:15:30,,,,03/01/2026,J1772COMBO
ELEC,NYC FLEET DPR_ICAHN_2_L3,10 Central Rd,,New York,NY,10035,,888-758-4389,E,,Public,24 hours daily,,,,1.0,,ChargePoint Network,https://www.chargepoint.com,GPS,40.79237,-73.924644,04/04/2026,181933,2026-04-04 02:15:22,,,,01/27/2021,CHADEMO J1772COMBO
ELEC,L&L HOLDING CO. NUGGET L2,425 Park Ave,,New York,NY,10022,,888-758-4389,E,,Public,24 hours daily,,,2.0,,,ChargePoint Network,https://www.chargepoint.com,GPS,40.760403,-73.97105,04/04/2026,333413,2026-04-04 02:58:21,,,,04/24/2024,J1772
ELEC,"Littleman Driggs Parking, LLC - Tesla Destination",626 Driggs Ave,,Brooklyn,NY,11211,,877-798-3752,E,,Public,,,,3.0,,,Tesla Destination,https://www.tesla.com/destination-charging,200-9,40.715033,-73.958595,07/01/2024,114910,2025-02-12 00:16:32,P,,,05/24/2018,J1772 TESLA
ELEC,QFA - Queens Family Court Municipal Parking Garage,150-07 Archer Avenue,,Jamaica,NY,11433,,866-816-7584,E,,Public,Mon: 7:00am-9:00pm; Tue: 7:00am-9:00pm; Wed: 7:00am-9:00pm; Thu: 7:00am-9:00pm; Fri: 7:00am-9:00pm; Sat: 7:00am-9:00pm; Sun: 8:00am-8:00pm,,,3.0,,,EV Connect,https://www.evconnect.com,GPS,40.70168,-73.803868,04/04/2026,123069,2026-04-04 05:05:14,,,,04/01/2019,J1772
ELEC,Quik Park Garden Lots LLC - Tesla Destination,126 West 32nd St,,New York,NY,10001,,877-798-3752,E,,Public,,,,3.0,,,Tesla Destination,https://www.tesla.com/destination-charging,200-9,40.749073,-73.990032,07/01/2024,115009,2025-02-12 00:16:32,P,,,03/11/2016,J1772 TESLA
ELEC,PANYNJ LGATCGARAGE 5-2,LaGuardia Airport LaGuardia Airport,Level 5,Queens,NY,11371,,888-758-4389,E,,Public,24 hours daily,,,1.0,,,ChargePoint Network,https://www.chargepoint.com,GPS,40.769481,-73.865372,04/04/2026,331868,2026-04-04 03:35:11,,,,04/06/2024,J1772
ELEC,Champion Parking W 76th Street - Tesla Destination,205 W 76th St,,New York,NY,10023,,877-798-3752,E,,Public,,,,3.0,,,Tesla Destination,https://www.tesla.com/destination-charging,200-9,40.781547,-73.980475,07/01/2024,115048,2025-02-12 00:16:32,P,,,08/19/2015,J1772 TESLA
ELEC,The Crescent - Underground Parking,31-85 Crescent St,,Queens,NY,11106,,813-492-5220,E,,Public,24 hours daily,A ANDROID_PAY APPLE_PAY D M V,,6.0,,,EVOKE,https://evokesystems.com,GPS,40.763705,-73.92767,09/12/2025,356996,2026-03-31 19:51:34,P,,,02/21/2023,J1772
ELEC,4 W 93rd St,4 W 93rd St,,New York,NY,10025,,888-356-8911,E,,Public,24 hours daily,,,2.0,,,FLO,https://www.flo.com,GPS,40.789958,-73.966488,04/04/2026,192949,2026-04-04 05:27:32,,,,07/17/2021,J1772
ELEC,SGE - St. George Courthouse Municipal Parking Garage,54 Central Ave,,Staten Island,NY,10301,,866-816-7584,E,,Public,Mon: 6:00am-10:00pm; Tue: 6:00am-10:00pm; Wed: 6:00am-10:00pm; Thu: 6:00am-10:00pm; Fri: 6:00am-10:00pm; Sat: 8:00am-12:00am; Sun: 8:00am-8:00pm,,,3.0,,,EV Connect,https://www.evconnect.com,GPS,40.639469,-74.076912,04/04/2026,65296,2026-04-04 05:05:19,,,,08/08/2016,J1772
ELEC,GGMC Yorkville Car Park - Tesla Destination,230 E 92nd St,,New York,NY,10128,,877-798-3752,E,,Public,,,,3.0,,,Tesla Destination,https://www.tesla.com/destination-charging,200-8,40.782212,-73.95023,07/01/2024,115060,2025-02-12 00:16:32,P,,,12/21/2016,J1772 TESLA
ELEC,One Sutton Pl N - Garage 2nd Floor,420 E 61st St,,New York,NY,10065,,813-492-5220,E,,Public,24 hours daily,A ANDROID_PAY APPLE_PAY D M V,,10.0,,,EVOKE,https://evokesystems.com,GPS,40.760155,-73.959496,09/12/2025,357030,2026-03-31 19:51:34,P,,,02/01/2023,J1772
ELEC,300 East 34th,300 E 34th St,,New York,NY,10016,,833-611-5965,E,,Public,24 hours daily,,,4.0,,,VIALYNK,https://www.lynkwell.com,GPS,40.74437,-73.97561,04/04/2026,334487,2026-04-04 06:10:45,,,,05/02/2024,J1772
ELEC,BELMONT PARK VI BPV ST. 8,2375 Hempstead Turnpike,,Elmont,NY,11003,,888-758-4389,E,,Public,Mon: 8:00am-11:59pm; Tue: 8:00am-11:59pm; Wed: 8:00am-11:59pm; Thu: 8:00am-11:59pm; Fri: 8:00am-11:59pm; Sat: 8:00am-11:59pm; Sun: 8:00am-11:59pm,,,2.0,,,ChargePoint Network,https://www.chargepoint.com,GPS,40.709477,-73.725078,04/04/2026,386976,2026-04-04 03:56:26,,,,02/27/2025,J1772
ELEC,SMJ WOODHAVEN SMJ WOODHAVEN 7,85-01 68th Road,,queens,NY,11374,,888-758-4389,E,,Public,24 hours daily,,,1.0,,,ChargePoint Network,https://www.chargepoint.com,GPS,40.715282,-73.859309,04/04/2026,453517,2026-04-04 04:22:13,,,,03/12/2026,J1772
ELEC,NYC FLEET DPRMBLOT8_1_L3,920 Father Capodanno Blvd,,Midland Beach,NY,10305,,888-758-4389,E,,Public,24 hours daily,,,,1.0,,ChargePoint Network,https://www.chargepoint.com,GPS,40.572636,-74.08614,04/04/2026,182295,2026-04-04 02:20:52,,,,01/27/2021,CHADEMO J1772COMBO
ELEC,ABM Parking Services 285 W 50th Street LLC - Tesla Destination,285 W 50th St,,New York,NY,10019,,877-798-3752,E,,Public,,,,3.0,,,Tesla Destination,https://www.tesla.com/destination-charging,200-8,40.762411,-73.984495,07/01/2024,115078,2025-02-12 00:16:32,P,,,03/10/2016,J1772 TESLA
ELEC,PANYNJ LGATCGARAGE 5-5,Taxi Access Rd LaGuardia Airport,Level 5,Queens,NY,11371,,888-758-4389,E,,Public,24 hours daily,,,1.0,,,ChargePoint Network,https://www.chargepoint.com,GPS,40.769452,-73.8655,04/04/2026,331867,2026-04-04 03:35:11,,,,04/06/2024,J1772
ELEC,20 Cliff St - Outdoor Parking,20 Cliff St,,Staten Island,NY,10305,,813-492-5220,E,,Public,24 hours daily,A ANDROID_PAY APPLE_PAY D M V,,2.0,,,EVOKE,https://evokesystems.com,GPS,40.610999,-74.060328,09/12/2025,421034,2026-03-31 19:51:34,P,,,07/18/2024,J1772
ELEC,575 1st Ave,575 1st Ave,,New York,NY,10016,,833-611-5965,E,,Public,24 hours daily,,,4.0,,,VIALYNK,https://www.lynkwell.com,GPS,40.74282,-73.97438,04/04/2026,233092,2026-04-04 06:08:57,,,,07/28/2022,J1772
ELEC,Paramount Tower - Garage,240 E 39th St,,New York,NY,10016,,813-492-5220,E,,Public,24 hours daily,A ANDROID_PAY APPLE_PAY D M V,,15.0,,,EVOKE,https://evokesystems.com,GPS,40.748066,-73.974444,09/12/2025,356971,2026-03-31 19:51:34,P,,,12/29/2023,J1772
ELEC,540 WAVERLY 5,510 Waverly Ave,In ground floor parking garage,Brooklyn,NY,11238,,888-758-4389,E,,Public,24 hours daily,,,2.0,,,ChargePoint Network,https://www.chargepoint.com,GPS,40.682187,-73.965853,04/04/2026,323914,2026-04-04 03:00:57,,,,01/05/2024,J1772
ELEC,CENTERS HEALTHC EV-9,170 Buffalo Ave,,Brooklyn,NY,11213,,888-758-4389,E,,Public,24 hours daily,,,2.0,,,ChargePoint Network,https://www.chargepoint.com,GPS,40.673233,-73.925648,04/04/2026,328314,2026-04-04 03:32:00,,,,02/14/2024,J1772
ELEC,Kings Nissan,2758 Coney Island Ave,,Brooklyn,NY,11235,,718-376-0538,E,,Public - Call ahead,Dealership business hours; Nissan vehicle use only,,,1.0,,,Non-Networked,,200-9,40.589167,-73.960707,02/12/2024,44329,2025-02-12 00:16:32,P,,,11/30/2011,J1772
ELEC,Glenwood Grand Tier Parking - Tesla Destination,1930 Broadway,,New York,NY,10023,,877-798-3752,E,,Public,,,,2.0,,,Tesla Destination,https://www.tesla.com/destination-charging,200-9,40.772574,-73.981951,07/01/2024,115036,2025-02-12 00:16:32,P,,,04/03/2017,TESLA
ELEC,Enterprise 309 Gold Street - Tesla Destination,309 Gold St,,Brooklyn,NY,11201,,877-798-3752,E,,Public,,,,3.0,,,Tesla Destination,https://www.tesla.com/destination-charging,200-9,40.694841,-73.982849,07/01/2024,114897,2025-02-12 00:16:32,P,,,02/09/2017,J1772 TESLA
ELEC,Expressway Plaza - Tesla Supercharger,1445 Richmond Ave,,Staten Island,NY,10314,,877-798-3752,E,,Public,24 hours daily,A D Debit M V,,,12.0,,Tesla,https://www.tesla.com/supercharger,GPS,40.612043,-74.156647,01/13/2025,375428,2025-05-06 21:07:47,P,,,01/03/2025,TESLA
ELEC,Quik Park 32 Debrosses LLC - Tesla Destination,32 Debrosses St,,New York,NY,10013,,877-798-3752,E,,Public,,,,3.0,,,Tesla Destination,https://www.tesla.com/destination-charging,200-8,40.723617,-74.010915,07/01/2024,115093,2025-02-12 00:16:32,P,,,03/10/2016,J1772 TESLA
ELEC,"MTP Parking, The Helena - Tesla Destination",601 W 57th St,,New York,NY,10019,,877-798-3752,E,,Public,,,,2.0,,,Tesla Destination,https://www.tesla.com/destination-charging,200-9,40.770709,-73.991725,07/01/2024,115171,2025-02-12 00:16:32,P,,,08/19/2016,TESLA
ELEC,JFK Airport Travel Plaza - Tesla Supercharger,150th Ave & 147th St,,Queens,NY,11430,,877-798-3752,E,,Public,24 hours daily. Please check Tesla's online station map to see if an adapter is required at this location.,,,,12.0,,Tesla,https://www.tesla.com/supercharger,GPS,40.66179,-73.79282,07/01/2024,102341,2025-05-06 21:07:47,P,,,12/15/2013,TESLA
ELEC,Service Building,366 West Merrick Road,,Valley Stream,NY,11580,,888-493-3638,E,,Public,,,,,2.0,,ZEFNET,https://www.zefenergy.com,GPS,40.66807,-73.71115,04/04/2026,341925,2026-04-04 06:06:04,,,,05/09/2024,J1772COMBO
ELEC,King's County Parking,581 Clarkson Ave,,Brooklyn,NY,11203,,833-692-6787,E,,Public - Credit card at all times,Contact station for hours of availability.,A ANDROID_PAY APPLE_PAY CREDIT D M,,4.0,,,AMPUP,https://ampup.io,200-9,40.656148,-73.940355,10/11/2022,229922,2023-02-14 15:54:11,P,,,09/15/2022,J1772
ELEC,CLAREMONT GRG STATION 3,100 Claremont Ave,Garage Level 2,New York,NY,10027,,888-758-4389,E,,Public,24 hours daily,,,1.0,,,ChargePoint Network,https://www.chargepoint.com,GPS,40.811826,-73.962202,04/04/2026,384788,2026-04-04 03:56:22,,,,02/22/2025,J1772
ELEC,BRT STATION 1,6401 6th Ave,,Sunset Park,NY,11220,,888-758-4389,E,,Public,24 hours daily,,,2.0,,,ChargePoint Network,https://www.chargepoint.com,GPS,40.63557,-74.01628,04/04/2026,220960,2026-04-04 02:54:02,,,,06/08/2022,J1772
ELEC,iPark 314 W 120th Street - Tesla Destination,314 West 120th Street,,New York,NY,10025,,877-798-3752,E,,Public,,,,3.0,,,Tesla Destination,https://www.tesla.com/destination-charging,200-8,40.807356,-73.954354,07/01/2024,168885,2025-02-12 00:16:32,P,,,12/09/2016,J1772 TESLA
ELEC,iPark NYC 44 Elizabeth Street - Tesla Destination,44 Elizabeth St,,New York,NY,10013,,877-798-3752,E,,Public,,,,3.0,,,Tesla Destination,https://www.tesla.com/destination-charging,200-9,40.716966,-73.996707,07/01/2024,115138,2025-02-12 00:16:32,P,,,02/16/2016,J1772 TESLA
ELEC,550 W. 45th St.,550 W. 45th St.,,New York,NY,10036,,833-611-5965,E,,Public,24 hours daily,,,4.0,,,VIALYNK,https://www.lynkwell.com,GPS,40.7624,-73.99635,04/04/2026,223241,2026-04-04 06:08:48,,,,01/19/2022,J1772
ELEC,Mall at Bay Plaza - Tesla Supercharger,260 Baychester Avenue,,Bronx,NY,10475,,877-798-3752,E,,Public,24 hours daily. Please check Tesla's online station map to see if an adapter is required at this location.,,,,12.0,,Tesla,https://www.tesla.com/supercharger,200-9,40.863231,-73.828839,07/01/2024,149299,2025-05-06 21:07:47,P,,,09/30/2019,TESLA
ELEC,Enterprise Parking 200 E 69th St - Tesla Destination,200 E 69th St,,New York,NY,10065,,877-798-3752,E,,Public,,,,2.0,,,Tesla Destination,https://www.tesla.com/destination-charging,200-9,40.767615,-73.961509,07/01/2024,115041,2025-02-12 00:16:32,P,,,10/20/2016,TESLA
ELEC,LI City YMCA - Parking Lot,32-23 Queens Blvd,,Long Island City,NY,11101,,813-492-5220,E,,Public,24 hours daily,A ANDROID_PAY APPLE_PAY D M V,,10.0,,,EVOKE,https://evokesystems.com,GPS,40.745545,-73.93144,09/12/2025,357000,2026-03-31 19:51:34,P,,,04/13/2022,J1772
ELEC,AMNH-PARKING STATION 4,200 Central Park West,Lower level parking south wall,New York,NY,10024,,888-758-4389,E,,Public,24 hours daily,,,2.0,,,ChargePoint Network,https://www.chargepoint.com,GPS,40.781478,-73.974009,04/04/2026,357265,2026-04-04 02:31:47,,,,09/30/2024,J1772
ELEC,Central Parking - 58 West 58th St,58 West 58th Street,,New York,NY,10019,,888-998-2546,E,,Public,24 hours daily,,,2.0,,,Blink Network,https://blinkcharging.com,GPS,40.764655,-73.9761,04/04/2026,124146,2026-04-04 00:36:52,,,,06/21/2019,J1772
ELEC,Supercharge NYC,1074 Grand St,,Brooklyn,NY,11211,,800-636-0986,E,,Public,,,,,4.0,,CHARGELAB,https://chargelab.co,GPS,40.713775,-73.933098,04/04/2026,223588,2026-04-04 07:08:44,,,,07/26/2022,J1772COMBO
ELEC,ABM Parking 750 Lexington Ave LLC - Tesla Destination,118 E 60th St,,New York,NY,10022,,877-798-3752,E,,Public,,,,3.0,,,Tesla Destination,https://www.tesla.com/destination-charging,200-9,40.76306,-73.968409,07/01/2024,115004,2025-02-12 00:16:32,P,,,02/10/2017,TESLA
ELEC,81-09 41st Ave,81-09 41st Ave,,Queens,NY,11373,,888-356-8911,E,,Public,24 hours daily,,,2.0,,,FLO,https://www.flo.com,GPS,40.745853,-73.884134,04/04/2026,225691,2026-04-04 05:28:40,,,,08/18/2022,J1772
ELEC,KOEPPEL HYUNDAI CPE250 1,43-16 35th Ave,,Queens,NY,11101,,888-758-4389,E,,Public,24 hours daily,,,,1.0,,ChargePoint Network,https://www.chargepoint.com,GPS,40.754038,-73.919413,04/04/2026,261698,2026-04-04 03:14:00,,,,06/01/2023,CHADEMO J1772COMBO
ELEC,170 FREEMAN 4,170 Freeman Street,,Brooklyn,NY,11222,,888-758-4389,E,,Public,24 hours daily,,,1.0,,,ChargePoint Network,https://www.chargepoint.com,GPS,40.734228,-73.954672,04/04/2026,434734,2026-04-04 04:09:18,,,,10/24/2025,J1772
ELEC,Courtney House - Garage,55 W 14 St,,New York,NY,10011,,813-492-5220,E,,Public,24 hours daily,A ANDROID_PAY APPLE_PAY D M V,,8.0,,,EVOKE,https://evokesystems.com,GPS,40.737435,-73.996123,09/12/2025,357058,2026-03-31 19:51:34,P,,,01/15/2022,J1772
ELEC,528 W 162nd Garage-PARK-it - Tesla Destination,528 W 162nd St,,Manhattan,NY,10033,,877-798-3752,E,,Public,,,,4.0,,,Tesla Destination,https://www.tesla.com/destination-charging,200-9,40.836588,-73.941328,07/01/2024,150533,2025-02-12 00:16:32,P,,,08/28/2019,TESLA
ELEC,I Park - 145 W 56th St,145 West 56th Street,,New York,NY,10019,,888-998-2546,E,,Public,24 hours daily,,,2.0,,,Blink Network,https://blinkcharging.com,GPS,40.764609,-73.979517,04/04/2026,164738,2026-04-04 00:36:51,,,,08/01/2020,J1772
ELEC,300 E 74th St - Section B2,32 Gramercy Park S,,New York,NY,10003,,813-492-5220,E,,Public,24 hours daily,A ANDROID_PAY APPLE_PAY D M V,,9.0,,,EVOKE,https://evokesystems.com,GPS,40.769964,-73.957184,09/12/2025,356997,2026-03-31 19:51:34,P,,,01/17/2023,J1772
ELEC,Sherman Parking - Tesla Destination,26 S 6th St,,Brooklyn,NY,11211,,877-798-3752,E,,Public,,,,4.0,,,Tesla Destination,https://www.tesla.com/destination-charging,200-8,40.711023,-73.968134,07/01/2024,122472,2025-02-12 00:16:32,P,,,01/17/2019,TESLA
ELEC,Rapid Park - 204 W 101st 2nd Floor,204 W 101st Street,,New York,NY,10025,,833-611-5965,E,,Public,24 hours daily,,,4.0,,,VIALYNK,https://www.lynkwell.com,GPS,40.79743,-73.9687,04/04/2026,223088,2026-04-04 06:10:12,,,,01/26/2022,J1772
ELEC,GGMC 91 E 9th Street - Tesla Destination,91 East 9th Street,,New York,NY,10003,,877-798-3752,E,,Public,,,,3.0,,,Tesla Destination,https://www.tesla.com/destination-charging,GPS,40.730723,-73.990854,07/01/2024,250852,2025-02-12 00:16:32,P,,,11/14/2016,J1772 TESLA
ELEC,"The Carlyle Hotel, A Rosewood Hotel - Tesla Destination",35 E 76th St,,New York,NY,10021,,877-798-3752,E,,Public,,,,2.0,,,Tesla Destination,https://www.tesla.com/destination-charging,200-9,40.77438,-73.963157,07/01/2024,115107,2025-02-12 00:16:32,P,,,09/25/2015,J1772 TESLA
ELEC,Icon Parking 360 E 65th - Tesla Destination,360 E 65th St,,Manhattan,NY,10065,,877-798-3752,E,,Public,,,,4.0,,,Tesla Destination,https://www.tesla.com/destination-charging,200-8,40.766853,-73.967711,07/01/2024,114973,2025-02-12 00:16:32,P,,,08/24/2018,TESLA
ELEC,The Venetian - Garage,431 Avenue P,,Brooklyn,NY,11230,,813-492-5220,E,,Public,24 hours daily,A ANDROID_PAY APPLE_PAY D M V,,20.0,,,EVOKE,https://evokesystems.com,GPS,40.609178,-73.971448,09/12/2025,357034,2026-03-31 19:51:34,P,,,04/11/2024,J1772
ELEC,Wingate by Wyndham Haven Park - Tesla Destination,2568 Park Ave,,New York,NY,10451,,877-798-3752,E,,Public,,,,4.0,,,Tesla Destination,https://www.tesla.com/destination-charging,GPS,40.812851,-73.928313,07/01/2024,358900,2025-02-12 00:16:32,P,,,07/01/2024,TESLA
ELEC,Hatch Life Science Building,43-10 23rd Street,,Queens,NY,11101,,888-998-2546,E,,Public,24 hours daily,,,4.0,,,Blink Network,https://blinkcharging.com,GPS,40.7495,-73.944366,04/04/2026,384678,2026-04-04 00:24:32,,,,02/19/2025,J1772
ELEC,28-06 120th St,28-06 120th St,,New York,NY,11354,,888-385-6671,E,,Public - Credit card at all times,24 hours daily,A ACCOUNT_BALANCE ANDROID_PAY APPLE_PAY D M V,,2.0,,,LOOP,https://loopglobal.com,GPS,40.7728,-73.84801,03/12/2026,399676,2026-03-12 20:29:51,P,,,08/10/2023,J1772
ELEC,Icon Parking 322 23rd Street - Tesla Destination,318-322 E 23rd St,,New York,NY,10010,,877-798-3752,E,,Public,,,,3.0,,,Tesla Destination,https://www.tesla.com/destination-charging,200-8,40.737533,-73.980437,07/01/2024,115092,2025-02-12 00:16:32,P,,,01/08/2018,J1772 TESLA
ELEC,Sylvan Gerard Garage - Tesla Destination,70-25 Yellowstone Blvd,,Forest Hills,NY,11375,,877-798-3752,E,,Public,,,,4.0,,,Tesla Destination,https://www.tesla.com/destination-charging,200-9,40.721856,-73.849106,07/01/2024,150639,2025-02-12 00:16:32,P,,,11/30/2018,TESLA
ELEC,Quik Park 40 Riverside Blvd - Tesla Destination,251 W 62nd St,,New York,NY,10282,,877-798-3752,E,,Public,,,,3.0,,,Tesla Destination,https://www.tesla.com/destination-charging,200-8,40.77373,-73.989713,07/01/2024,115070,2025-02-12 00:16:32,P,,,07/07/2016,J1772 TESLA
ELEC,WPL - White Plains Road Municipal Parking Field,2071 White Plains Rd,,Bronx,NY,10462,,866-816-7584,E,,Public,24 hours daily,,,,4.0,,EV Connect,https://www.evconnect.com,GPS,40.853224,-73.868094,04/04/2026,420189,2026-04-04 05:11:13,,,,08/20/2025,CHADEMO J1772COMBO
ELEC,Icon Parking E 72nd Street - Tesla Destination,515 E 72nd St,,New York,NY,10021,,877-798-3752,E,,Public,,,,5.0,,,Tesla Destination,https://www.tesla.com/destination-charging,200-9,40.766554,-73.952905,07/01/2024,150660,2025-02-12 00:16:32,P,,,04/30/2016,J1772 TESLA
ELEC,Standard Parking 2 Metrotech - Tesla Destination,8 Metrotech Ctr S,,Brooklyn,NY,11201,,877-798-3752,E,,Public,,,,3.0,,,Tesla Destination,https://www.tesla.com/destination-charging,200-8,40.693122,-73.985696,07/01/2024,114914,2025-02-12 00:16:32,P,,,05/24/2018,J1772 TESLA
ELEC,NYC FLEET DPR_ICAHN_1_L3,10 Central Rd,,New York,NY,10035,,888-758-4389,E,,Public,24 hours daily,,,,1.0,,ChargePoint Network,https://www.chargepoint.com,GPS,40.792194,-73.92455,04/04/2026,170122,2026-04-04 02:00:33,,,,12/12/2020,CHADEMO J1772COMBO
ELEC,Acura Showroom of Valley Stream (Sunrise),881 Sunrise Highway,,Lynbrook,NY,11563,,888-493-3638,E,,Public,,,,2.0,,,ZEFNET,https://www.zefenergy.com,GPS,40.65657,-73.68687,04/04/2026,346110,2026-04-04 06:06:11,,,,05/11/2024,J1772
ELEC,300 West End Ave - Basement Garage,300 W End Ave,,New York,NY,10023,,813-492-5220,E,,Public,24 hours daily,A ANDROID_PAY APPLE_PAY D M V,,14.0,,,EVOKE,https://evokesystems.com,GPS,40.781139,-73.983118,09/12/2025,356990,2026-03-31 19:51:34,P,,,08/09/2023,J1772
ELEC,IMPark 302 2nd St - Tesla Destination,302 2nd St,,Brooklyn,NY,11215,,877-798-3752,E,,Public,,,,4.0,,,Tesla Destination,https://www.tesla.com/destination-charging,200-9,40.674312,-73.98488,07/01/2024,150581,2025-02-12 00:16:32,P,,,03/31/2019,TESLA
ELEC,JLR LARCHMONT CPF50 01,64 Nardozzi Pl,Service bay,New Rochelle,NY,10805,,888-758-4389,E,,Public,24 hours daily,,,1.0,,,ChargePoint Network,https://www.chargepoint.com,GPS,40.898857,-73.7945,04/04/2026,315637,2026-04-04 02:29:47,,,,10/24/2023,J1772
ELEC,Sal Mineo Nissan - New Rochelle,2533 Palmer Ave,,New Rochelle,NY,10801,,914-576-7600,E,,Public,24 hours daily,A ACCOUNT_BALANCE ANDROID_PAY APPLE_PAY CREDIT M V,,,2.0,,NAYAX_ENERGY,https://www.nayax.com/solution/nayax-energy-core,GPS,40.919212,-73.776996,01/13/2026,448713,2026-02-02 23:16:24,P,,,01/01/2025,CHADEMO J1772COMBO
ELEC,iPark 245 East 63rd Street - Tesla Destination,245 East 63rd St,,New York,NY,10025,,877-798-3752,E,,Public,,,,3.0,,,Tesla Destination,https://www.tesla.com/destination-charging,200-8,40.76332,-73.962938,07/01/2024,115065,2025-02-12 00:16:32,P,,,12/09/2016,J1772 TESLA
ELEC,8 E 33rd St - Lower and Upper Floor,8 E 33rd St,,New York,NY,10016,,813-492-5220,E,,Public,24 hours daily,A ANDROID_PAY APPLE_PAY D M V,,10.0,,,EVOKE,https://evokesystems.com,GPS,40.747369,-73.98485,09/12/2025,421066,2026-03-31 19:51:34,P,,,07/23/2024,J1772
ELEC,IKEA USA BROOKLYN 2,1 Beard St,,Red Hook,NY,11231,,888-758-4389,E,,Public,24 hours daily,,,1.0,,,ChargePoint Network,https://www.chargepoint.com,GPS,40.671379,-74.011649,04/04/2026,252885,2026-04-04 02:49:45,,,,02/01/2023,J1772
ELEC,Nissan of Staten Island,1976 Hylan Blvd,,Staten Island,NY,10306,,718-447-3800,E,,Public,Dealership business hours,,,1.0,,,Non-Networked,,200-9,40.581432,-74.097694,02/12/2024,99500,2025-02-12 00:16:32,P,,,06/28/2018,J1772
ELEC,GGMC Parking Connaught - Tesla Destination,300 E 54th St,,New York,NY,10022,,877-798-3752,E,,Public,,,,3.0,,,Tesla Destination,https://www.tesla.com/destination-charging,200-9,40.757146,-73.966135,07/01/2024,115082,2025-02-12 00:16:32,P,,,12/28/2016,J1772 TESLA
ELEC,BELMONT PARK VI BPV ST. 5,2375 Hempstead Turnpike,,Elmont,NY,11003,,888-758-4389,E,,Public,Mon: 8:00am-11:59pm; Tue: 8:00am-11:59pm; Wed: 8:00am-11:59pm; Thu: 8:00am-11:59pm; Fri: 8:00am-11:59pm; Sat: 8:00am-11:59pm; Sun: 8:00am-11:59pm,,,2.0,,,ChargePoint Network,https://www.chargepoint.com,GPS,40.709519,-73.725068,04/04/2026,386972,2026-04-04 03:56:25,,,,02/27/2025,J1772
ELEC,20RTAC GARAGE BOTTOM,211 North End Ave,,New York,NY,10282,,888-758-4389,E,,Public,24 hours daily,,,2.0,,,ChargePoint Network,https://www.chargepoint.com,GPS,40.716131,-74.015548,04/04/2026,254304,2026-04-04 03:03:57,,,,02/21/2023,J1772
ELEC,Brookfield Place - Tesla Supercharger,250 Vesey Street,,New York,NY,10080,,877-798-3752,E,,Public,6am-10pm daily. Please check Tesla's online station map to see if an adapter is required at this location.,,,,4.0,,Tesla,https://www.tesla.com/supercharger,GPS,40.714177,-74.016332,07/01/2024,153434,2025-06-09 19:21:51,P,,,01/31/2020,TESLA
ELEC,NYC FLEET DPR_ICAHN_3_L3,10 Central Rd,,New York,NY,10035,,888-758-4389,E,,Public,24 hours daily,,,,1.0,,ChargePoint Network,https://www.chargepoint.com,GPS,40.7923,-73.92468,04/04/2026,181932,2026-04-04 02:15:22,,,,01/27/2021,CHADEMO J1772COMBO
ELEC,SMJ WOODHAVEN SMJ WOODHAVE 10,85-01 68th Road,,queens,NY,11374,,888-758-4389,E,,Public,24 hours daily,,,1.0,,,ChargePoint Network,https://www.chargepoint.com,GPS,40.715438,-73.859393,04/04/2026,453521,2026-04-04 04:22:15,,,,03/12/2026,J1772
ELEC,Residence Inn New York Manhattan - Tesla Destination,1717 Broadway,,New York,NY,10019,,877-798-3752,E,,Public,,,,2.0,,,Tesla Destination,https://www.tesla.com/destination-charging,200-9,40.764261,-73.982974,07/01/2024,115031,2025-02-12 00:16:32,P,,,06/22/2015,J1772 TESLA
ELEC,265 E 66th St - Garage,265 E 66th St,,New York,NY,10065,,813-492-5220,E,,Public,24 hours daily,A ANDROID_PAY APPLE_PAY D M V,,12.0,,,EVOKE,https://evokesystems.com,GPS,40.76536,-73.96128,09/12/2025,356980,2026-03-31 19:51:34,P,,,04/19/2022,J1772
ELEC,167-149 Meeker Ave,167-149 Meeker Ave,,Brooklyn,NY,11211,,888-356-8911,E,,Public,24 hours daily,,,6.0,,,FLO,https://www.flo.com,GPS,40.714318,-73.953186,04/04/2026,199108,2026-04-04 05:28:15,,,,10/26/2021,J1772
ELEC,Green Acres Commons - Tesla Supercharger,"2034 Green Acres Mall, Sunrise Highway",,Valley Stream,NY,11581,,877-798-3752,E,,Public,24 hours daily. Please check Tesla's online station map to see if an adapter is required at this location.,,,,24.0,,Tesla,https://www.tesla.com/supercharger,200-9,40.664127,-73.7251,07/01/2024,102344,2025-05-06 21:07:47,P,,,07/23/2018,TESLA
ELEC,Rapidpark 10 E 30th Street - Tesla Destination,10 E 30th St,,New York,NY,10016,,877-798-3752,E,,Public,,,,3.0,,,Tesla Destination,https://www.tesla.com/destination-charging,200-9,40.74556,-73.985539,07/01/2024,114984,2025-02-12 00:16:32,P,,,06/13/2017,J1772 TESLA
ELEC,161 W 61st St - Parking Garage,161 W 61st St,,New York,NY,10023,,813-492-5220,E,,Public,24 hours daily,A ANDROID_PAY APPLE_PAY D M V,,10.0,,,EVOKE,https://evokesystems.com,GPS,40.771538,-73.985872,09/12/2025,356938,2026-03-31 19:51:34,P,,,07/17/2023,J1772
ELEC,N Brooklyn YMCA - Parking Lot,570 Jamaica Ave,,Brooklyn,NY,11208,,813-492-5220,E,,Public,24 hours daily,A ANDROID_PAY APPLE_PAY D M V,,4.0,,,EVOKE,https://evokesystems.com,GPS,40.68505,-73.88217,09/12/2025,357064,2026-03-31 19:51:34,P,,,03/13/2022,J1772
ELEC,Standard Parking 15 Metrotech - Tesla Destination,15 Metrotech Ctr S,,Brooklyn,NY,11201,,877-798-3752,E,,Public,,,,3.0,,,Tesla Destination,https://www.tesla.com/destination-charging,200-8,40.693999,-73.983809,07/01/2024,114890,2025-02-12 00:16:32,P,,,05/24/2018,J1772 TESLA
ELEC,iPark 22/34 N 6th Garage Corp - Tesla Destination,22 N 5th St,,Brooklyn,NY,11249,,877-798-3752,E,,Public,,,,4.0,,,Tesla Destination,https://www.tesla.com/destination-charging,200-8,40.719338,-73.963081,07/01/2024,114893,2025-02-12 00:16:32,P,,,03/14/2017,J1772 TESLA
ELEC,55 East End Ave,55 East End Ave,,New York,NY,10028,,833-611-5965,E,,Public,24 hours daily,,,6.0,,,VIALYNK,https://www.lynkwell.com,GPS,40.772,-73.94639,04/04/2026,223283,2026-04-04 06:09:03,,,,03/24/2022,J1772
ELEC,4320 Broadway-PARK-it - Tesla Destination,4320 Broadway,,Manhattan,NY,10033,,877-798-3752,E,,Public,,,,4.0,,,Tesla Destination,https://www.tesla.com/destination-charging,200-9,40.852461,-73.934084,07/01/2024,150534,2025-02-12 00:16:32,P,,,08/28/2019,TESLA
ELEC,iPark NYC 1025 83rd - Tesla Destination,11 E 83rd St,,New York,NY,10028,,877-798-3752,E,,Public,,,,3.0,,,Tesla Destination,https://www.tesla.com/destination-charging,200-8,40.779211,-73.960949,07/01/2024,114999,2025-02-12 00:16:32,P,,,08/21/2015,J1772 TESLA
ELEC,142 E 31st St.,142 E 31st St.,,New York,NY,10016,,833-611-5965,E,,Public,24 hours daily,,,4.0,,,VIALYNK,https://www.lynkwell.com,GPS,40.74415,-73.98046,04/04/2026,223267,2026-04-04 06:09:21,,,,02/10/2022,J1772
ELEC,Champion Parking 90 LLC - Tesla Destination,60 E 90th St,,New York,NY,10028,,877-798-3752,E,,Public,,,,3.0,,,Tesla Destination,https://www.tesla.com/destination-charging,GPS,40.783085,-73.956304,07/01/2024,115167,2025-02-12 00:16:32,P,,,12/28/2016,J1772 TESLA
ELEC,Rapidpark 148 E 33rd Street - Tesla Destination,148 E 33rd St,,New York,NY,10016,,877-798-3752,E,,Public,,,,3.0,,,Tesla Destination,https://www.tesla.com/destination-charging,200-9,40.745432,-73.97956,07/01/2024,115016,2025-02-12 00:16:32,P,,,06/13/2017,J1772 TESLA
ELEC,Icon Parking 202 E 18th Street - Tesla Destination,202 E 18th St,,Manhattan,NY,10003,,877-798-3752,E,,Public,,,,2.0,,,Tesla Destination,https://www.tesla.com/destination-charging,200-8,40.735496,-73.985024,07/01/2024,150570,2025-02-12 00:16:32,P,,,03/31/2019,TESLA
ELEC,PUBLIC FAST BROOKLYN 1,2705 Nostrand Ave.,For Public Use,Brooklyn,NY,11210,,888-758-4389,E,,Public,24 hours daily,,,,1.0,,ChargePoint Network,https://www.chargepoint.com,GPS,40.618308,-73.945072,04/04/2026,323576,2026-04-04 03:28:43,,,,12/29/2023,J1772COMBO TESLA
ELEC,CLAREMONT GRG STATION 7,100 Claremont Avenue,Garage Level 2,New York,NY,10027,,888-758-4389,E,,Public,24 hours daily,,,1.0,,,ChargePoint Network,https://www.chargepoint.com,GPS,40.811821,-73.962209,04/04/2026,384770,2026-04-04 03:53:50,,,,02/22/2025,J1772
ELEC,Port Washington Carrie Weber Middle School,100 Bogart Ave,,Port Washington,NY,11050,,833-611-5965,E,,Public,24 hours daily,,,6.0,,,VIALYNK,https://www.lynkwell.com,GPS,40.82866,-73.68146,04/04/2026,445743,2026-04-04 06:12:09,,,,11/14/2025,J1772
ELEC,Fairmount Tenants Group - Garage,401 E 86th St,,New York,NY,10028,,813-492-5220,E,,Public,24 hours daily,A ANDROID_PAY APPLE_PAY D M V,,12.0,,,EVOKE,https://evokesystems.com,GPS,40.777035,-73.948773,09/12/2025,357023,2026-03-31 19:51:34,P,,,03/20/2022,J1772
ELEC,Icon Parking E 48th Street - Tesla Destination,329 E 48th St,,New York,NY,10017,,877-798-3752,E,,Public,,,,3.0,,,Tesla Destination,https://www.tesla.com/destination-charging,200-8,40.753079,-73.968032,07/01/2024,115097,2025-02-12 00:16:32,P,,,11/13/2015,J1772 TESLA
ELEC,ECS Main Office - Parking Lot,55 9th St,,Brooklyn,NY,11215,,813-492-5220,E,,Public,24 hours daily,A ANDROID_PAY APPLE_PAY D M V,,2.0,,,EVOKE,https://evokesystems.com,GPS,40.6742,-73.9958,09/12/2025,357057,2026-03-31 19:51:34,P,,,11/30/2021,J1772
ELEC,iPark NYC 425 E 58th Street - Tesla Destination,425 E 58th St,,New York,NY,10022,,877-798-3752,E,,Public,,,,3.0,,,Tesla Destination,https://www.tesla.com/destination-charging,200-8,40.758519,-73.961272,07/01/2024,115134,2025-02-12 00:16:32,P,,,07/19/2016,J1772 TESLA
ELEC,NYC FLEET DPR-CFQNS-5,97-77 Queens Boulevard Lower level garage,Spot 5,Queens,NY,11374,,888-758-4389,E,,Public,24 hours daily,,,1.0,,,ChargePoint Network,https://www.chargepoint.com,GPS,40.72911,-73.858144,04/04/2026,456869,2026-04-04 04:23:43,,,,04/02/2026,J1772
ELEC,Quik Park Broadway Garage LLC - Tesla Destination,225-251 W 56th St,,New York,NY,10019,,877-798-3752,E,,Public,,,,3.0,,,Tesla Destination,https://www.tesla.com/destination-charging,200-8,40.765844,-73.982481,07/01/2024,115059,2025-02-12 00:16:32,P,,,05/21/2015,J1772 TESLA
ELEC,Park Kwik - 211 Atlantic - Tesla Destination,211 Atlantic Ave,,Brooklyn,NY,11201,,877-798-3752,E,,Public,,,,6.0,,,Tesla Destination,https://www.tesla.com/destination-charging,200-9,40.691073,-73.990197,07/01/2024,169009,2025-02-12 00:16:32,P,,,10/11/2019,J1772 TESLA
ELEC,CENTERS HEALTHC EV-8,170 Buffalo Avenue,Rear parking lot,Brooklyn,NY,11213,,888-758-4389,E,,Public,24 hours daily,,,2.0,,,ChargePoint Network,https://www.chargepoint.com,GPS,40.673181,-73.926415,04/04/2026,328313,2026-04-04 03:31:59,,,,02/14/2024,J1772
ELEC,CORP COMM 3 STATION 2 CC3,Teleport Dr/Corp Commons Bldg,"Parking garage, 3rd Floor",Staten Island,NY,10314,,888-758-4389,E,,Public,24 hours daily,,,2.0,,,ChargePoint Network,https://www.chargepoint.com,GPS,40.604154,-74.179546,04/04/2026,252144,2026-04-04 02:21:59,,,,01/26/2023,J1772
ELEC,SMJ WOODHAVEN SMJ WOODHAVE 12,85-01 68th Road,,queens,NY,11374,,888-758-4389,E,,Public,24 hours daily,,,1.0,,,ChargePoint Network,https://www.chargepoint.com,GPS,40.715367,-73.859489,04/04/2026,453525,2026-04-04 04:22:21,,,,03/12/2026,J1772
ELEC,Sky Apts - Garage 1st Floor,605 W 42nd St,,New York,NY,10036,,813-492-5220,E,,Public,24 hours daily,A ANDROID_PAY APPLE_PAY D M V,,20.0,,,EVOKE,https://evokesystems.com,GPS,40.761949,-73.99888,09/12/2025,357075,2026-03-31 19:51:34,P,,,07/23/2022,J1772
ELEC,iPark - The Tapestry,245 E 124th St,,New York,NY,10035,,833-611-5965,E,,Public,24 hours daily,,,20.0,,,VIALYNK,https://www.lynkwell.com,GPS,40.80239,-73.93438,04/04/2026,350370,2026-04-04 06:11:00,,,,07/11/2024,J1772
ELEC,MTP Parking 41-42 24th Street - Tesla Destination,41-42 24th St,,Long Island City,NY,11101,,877-798-3752,E,,Public,,,,4.0,,,Tesla Destination,https://www.tesla.com/destination-charging,200-9,40.751556,-73.941406,07/01/2024,122488,2025-02-12 00:16:32,P,,,01/17/2019,TESLA
ELEC,Rapidpark 920 Park Avenue - Tesla Destination,920 Park Ave,,New York,NY,10025,,877-798-3752,E,,Public,,,,3.0,,,Tesla Destination,https://www.tesla.com/destination-charging,200-9,40.776574,-73.96047,07/01/2024,115195,2025-02-12 00:16:32,P,,,08/23/2017,J1772 TESLA
ELEC,INDUSTRY CITY LOT B EAST,533 2nd Ave,Parking Lot C,Brooklyn,NY,11232,,888-758-4389,E,,Public,24 hours daily,,,2.0,,,ChargePoint Network,https://www.chargepoint.com,GPS,40.659338,-74.006454,04/04/2026,217354,2026-04-04 01:49:54,,,,05/12/2022,J1772
ELEC,WCS NS1 SOUTHERN,2300 Southern Blvd,,Bronx,NY,10460,,888-758-4389,E,,Public,24 hours daily,,,2.0,,,ChargePoint Network,https://www.chargepoint.com,GPS,40.851134,-73.881092,04/04/2026,162156,2026-04-04 01:45:22,,,,06/12/2020,J1772
ELEC,Icon Parking 245 E 19th St. - Tesla Destination,245 E 19th St,,New York,NY,10010,,877-798-3752,E,,Public,,,,3.0,,,Tesla Destination,https://www.tesla.com/destination-charging,200-8,40.735608,-73.983111,07/01/2024,150520,2025-02-12 00:16:32,P,,,01/21/2016,J1772 TESLA
ELEC,Mavis Tire - 4100 Boston Post Rd,4100 Boston Post Rd,,Pelham Bay,NY,10803,,888-356-8911,E,,Public,24 hours daily,,,4.0,,,FLO,https://www.flo.com,GPS,40.890243,-73.819464,04/04/2026,375414,2026-04-04 05:30:35,,,,01/10/2025,J1772
ELEC,iPark 455 Central Park West - Tesla Destination,27 W 105th St,,New York,NY,10025,,877-798-3752,E,,Public,,,,3.0,,,Tesla Destination,https://www.tesla.com/destination-charging,200-8,40.797743,-73.960441,07/01/2024,115075,2025-02-12 00:16:32,P,,,12/21/2016,J1772 TESLA
ELEC,GGMC Parking Seven Eleven (Located at 217 E 44th St) - Tesla Destination,217 E 44th St,,New York,NY,10017,,877-798-3752,E,,Public,,,,3.0,,,Tesla Destination,https://www.tesla.com/destination-charging,200-8,40.751867,-73.972873,07/01/2024,115053,2025-02-12 00:16:32,P,,,09/25/2015,J1772 TESLA
ELEC,MTP Parking 568 Union Ave - Tesla Destination,568 Union Ave,,Brooklyn,NY,11211,,877-798-3752,E,,Public,,,,4.0,,,Tesla Destination,https://www.tesla.com/destination-charging,200-9,40.718054,-73.951847,07/01/2024,122477,2025-02-12 00:16:32,P,,,01/17/2019,TESLA
ELEC,Manhattan Parking 110 LLC - Tesla Destination,543 W 110th St,,New York,NY,10025,,877-798-3752,E,,Public,,,,3.0,,,Tesla Destination,https://www.tesla.com/destination-charging,200-9,40.803934,-73.966049,07/01/2024,150722,2025-02-12 00:16:32,P,,,02/06/2017,J1772 TESLA
ELEC,20 41st Ave,144-20 41st Ave,,Flushing,NY,11355,,800-636-0986,E,,Public,,,,39.0,,,CHARGELAB,https://chargelab.co,GPS,40.760528,-73.820645,04/04/2026,455661,2026-04-04 07:13:07,,,,03/18/2026,J1772
ELEC,CSQ - Court Square Municipal Parking Garage,45-40 Court Square West,,Queens,NY,11101,,866-816-7584,E,,Public,24 hours daily,,,9.0,3.0,,EV Connect,https://www.evconnect.com,GPS,40.745282,-73.942691,04/04/2026,224171,2026-04-04 05:05:13,,,,07/16/2022,CHADEMO J1772 J1772COMBO
ELEC,2 Lincoln Square,60 West 66th Street,,New York,NY,10023,,888-998-2546,E,,Public,24 hours daily,,,4.0,,,Blink Network,https://blinkcharging.com,GPS,40.773498,-73.981374,04/04/2026,331697,2026-04-04 00:38:04,,,,04/04/2024,J1772
ELEC,Parkit 403 Lafayette St. - Tesla Destination,403 Lafayette St,,New York,NY,10003,,877-798-3752,E,,Public,,,,2.0,,,Tesla Destination,https://www.tesla.com/destination-charging,200-9,40.728287,-73.992746,07/01/2024,115124,2025-02-12 00:16:32,P,,,05/21/2015,J1772 TESLA
ELEC,Rapidpark 600 Columbus Ave-QBDestinationSiteID52405 - Tesla Destination,100 W 89th,,New York,NY,10024,,877-798-3752,E,,Public,,,,3.0,,,Tesla Destination,https://www.tesla.com/destination-charging,200-9,40.788614,-73.97118,07/01/2024,114990,2025-02-12 00:16:32,P,,,05/24/2018,J1772 TESLA
ELEC,NYC FLEET DPRMBLOT8_2_L3,920 Father Capodanno Blvd,,Midland Beach,NY,10305,,888-758-4389,E,,Public,24 hours daily,,,,1.0,,ChargePoint Network,https://www.chargepoint.com,GPS,40.572636,-74.08616,04/04/2026,171477,2026-04-04 02:20:53,,,,01/27/2021,CHADEMO J1772COMBO
ELEC,Parkit 301 E 64th - Tesla Destination,301 E 64th St,,New York,NY,10065,,877-798-3752,E,,Public,,,,3.0,,,Tesla Destination,https://www.tesla.com/destination-charging,200-8,40.763488,-73.961323,07/01/2024,115087,2025-02-12 00:16:32,P,,,11/13/2015,J1772 TESLA
ELEC,Icon 9-11 Park Ave - Tesla Destination,9 - 11 Park Ave,,New York,NY,10016,,877-798-3752,E,,Public,,,,3.0,,,Tesla Destination,https://www.tesla.com/destination-charging,200-9,40.747299,-73.981039,07/01/2024,115191,2025-02-12 00:16:32,P,,,06/13/2017,J1772 TESLA
ELEC,Icon Parking 40 W 26th Street - Tesla Destination,40 W 26th St,,New York,NY,10010,,877-798-3752,E,,Public,,,,3.0,,,Tesla Destination,https://www.tesla.com/destination-charging,200-8,40.744467,-73.990662,07/01/2024,115119,2025-02-12 00:16:32,P,,,04/30/2016,J1772 TESLA
ELEC,PUBLIC FAST STATEN ISLAND,4350 Arthur Kill Rd.,Usable when Showroom Open Talk to Manager,Staten Island,NY,10309,,888-758-4389,E,,Public,24 hours daily,,,,1.0,,ChargePoint Network,https://www.chargepoint.com,GPS,40.53569,-74.23632,04/04/2026,386854,2026-04-04 02:46:54,,,,02/26/2025,J1772COMBO TESLA
ELEC,DES - Delancey and Essex Municipal Parking Garage,107 Essex Street,,New York,NY,10002,,866-816-7584,E,,Public,24 hours daily,,,8.0,4.0,,EV Connect,https://www.evconnect.com,GPS,40.719319,-73.988197,04/04/2026,155100,2026-04-04 05:05:13,,,,04/16/2018,CHADEMO J1772 J1772COMBO
ELEC,The Bay Club - Bay Club Bldg 1 and 2,2 Bay Club Dr,,Flushing,NY,11360,,813-492-5220,E,,Public,24 hours daily,A ANDROID_PAY APPLE_PAY D M V,,10.0,,,EVOKE,https://evokesystems.com,GPS,40.778494,-73.780423,09/12/2025,356949,2026-03-31 19:51:34,P,,,02/09/2022,J1772
ELEC,"Sylvan Parking 23-25 31st St, Astoria - Tesla Destination",23-25 31st St,,Astoria,NY,11105,,877-798-3752,E,,Public,,,,4.0,,,Tesla Destination,https://www.tesla.com/destination-charging,200-9,40.77364,-73.91352,07/01/2024,150585,2025-02-12 00:16:32,P,,,03/30/2019,TESLA
ELEC,New Roc Garage - Tesla Supercharger,33 LeCount Place and Huguenot Street,,New Rochelle,NY,10801,,877-798-3752,E,,Public,24 hours daily. Please check Tesla's online station map to see if an adapter is required at this location.,,,,8.0,,Tesla,https://www.tesla.com/supercharger,GPS,40.912547,-73.780488,07/01/2024,102333,2025-05-06 21:07:47,P,,,07/23/2018,TESLA
ELEC,131 E 55th St - Garage Lower Level,131 E 55th St,,New York,NY,10022,,813-492-5220,E,,Public,24 hours daily,A ANDROID_PAY APPLE_PAY D M V,,10.0,,,EVOKE,https://evokesystems.com,GPS,40.760139,-73.970051,09/12/2025,356918,2026-03-31 19:51:34,P,,,05/26/2023,J1772
ELEC,Nissan of Queens,9325 Rockaway Blvd,,Ozone Park,NY,11417,,718-835-8300,E,,Public - Call ahead,Dealership business hours,,,1.0,,,Non-Networked,,200-8,40.68106,-73.84554,02/12/2024,49938,2025-02-12 00:16:32,P,,,10/25/2012,J1772
ELEC,Nissan of New Rochelle,2533 Palmer Ave,,New Rochelle,NY,10801,,914-576-7600,E,,Public - Call ahead,Dealership business hours,,,1.0,1.0,,Non-Networked,,200-8,40.919104,-73.776645,02/12/2024,44360,2025-02-12 00:16:32,P,,,11/30/2011,CHADEMO J1772 J1772COMBO
ELEC,The Pavilion - Parking Garage,500 E 77th St,,New York,NY,10162,,,E,,Public,24 hours daily,A ANDROID_PAY APPLE_PAY D M V,,16.0,,,EVOKE,https://evokesystems.com,GPS,40.769563,-73.9508,09/12/2025,357047,2026-03-31 19:51:34,P,,,12/29/2023,J1772
ELEC,AMNH-PARKING STATION 1,200 Central Park West,Lower level parking south wall,New York,NY,10024,,888-758-4389,E,,Public,24 hours daily,,,2.0,,,ChargePoint Network,https://www.chargepoint.com,GPS,40.781454,-73.973835,04/04/2026,357262,2026-04-04 02:28:43,,,,09/30/2024,J1772
ELEC,NYC FLEET DPRWFMARNA_2_L3,109-5 Marina Rd,,Queens,NY,11368,,888-758-4389,E,,Public,24 hours daily,,,,1.0,,ChargePoint Network,https://www.chargepoint.com,GPS,40.76033,-73.855286,04/04/2026,316713,2026-04-04 03:25:14,,,,11/04/2023,CHADEMO J1772COMBO
ELEC,581 Ocean Parkway,581 Ocean Pkwy,,Brooklyn,NY,11218,,888-385-6671,E,,Public - Credit card at all times,24 hours daily,A ACCOUNT_BALANCE ANDROID_PAY APPLE_PAY D M V,,13.0,,,LOOP,https://loopglobal.com,GPS,40.634243,-73.971752,03/12/2026,399681,2026-03-12 20:29:51,P,,,03/24/2025,J1772
ELEC,Standard Parking Gateway Plaza Garage - Tesla Destination,339 South End Ave,,New York,NY,10280,,877-798-3752,E,,Public,,,,3.0,,,Tesla Destination,https://www.tesla.com/destination-charging,200-8,40.711145,-74.016332,07/01/2024,115102,2025-02-12 00:16:32,P,,,08/30/2017,J1772 TESLA
ELEC,33rd Street,32-16 36th Ave,,Long Island,NY,11106,,877-455-3833,E,,Public,24 hours daily,,,,12.0,,eVgo Network,https://www.evgo.com,GPS,40.75587,-73.92848,04/04/2026,373927,2026-04-04 00:01:39,,,,12/17/2024,CHADEMO J1772COMBO
ELEC,Parker Towers 40 - Garage 40,104-40 Queens Blvd,,Forest Hills,NY,11375,,813-492-5220,E,,Public,24 hours daily,A ANDROID_PAY APPLE_PAY D M V,,20.0,,,EVOKE,https://evokesystems.com,GPS,40.7232,-73.8505,09/12/2025,356885,2026-03-31 19:51:34,P,,,11/21/2021,J1772
ELEC,Icon Parking 560 Third Ave - Tesla Destination,560 3rd Ave,,New York,NY,10016,,877-798-3752,E,,Public,,,,3.0,,,Tesla Destination,https://www.tesla.com/destination-charging,200-9,40.747962,-73.976569,07/01/2024,115162,2025-02-12 00:16:32,P,,,04/30/2016,J1772 TESLA
ELEC,GGMC Parking Alfred - Tesla Destination,161 W 61st St,,New York,NY,10023,,877-798-3752,E,,Public,,,,3.0,,,Tesla Destination,https://www.tesla.com/destination-charging,200-9,40.771555,-73.986428,07/01/2024,115027,2025-02-12 00:16:32,P,,,12/28/2016,J1772 TESLA
ELEC,Park Kwik LLC 50 Washington St. - Tesla Destination,45 Main St,,Brooklyn,NY,11201,,877-798-3752,E,,Public,,,,3.0,,,Tesla Destination,https://www.tesla.com/destination-charging,200-9,40.702882,-73.990594,07/01/2024,114906,2025-02-12 00:16:32,P,,,08/10/2017,J1772 TESLA
ELEC,Roger Smith Hotel - Tesla Destination,501 Lexington Ave,,New York,NY,10017,,877-798-3752,E,,Public,,,,1.0,,,Tesla Destination,https://www.tesla.com/destination-charging,200-9,40.754709,-73.973391,07/01/2024,115146,2025-02-12 00:16:32,P,,,10/25/2017,TESLA
ELEC,152 Ashland - 1st Floor and Cellar East,152 Ashland Pl,,Brooklyn,NY,11201,,813-492-5220,E,,Public,24 hours daily,A ANDROID_PAY APPLE_PAY D M V,,20.0,,,EVOKE,https://evokesystems.com,GPS,40.6923,-73.9797,09/12/2025,356932,2026-03-31 19:51:34,P,,,11/20/2021,J1772
ELEC,ABM Parking 475 Park Ave South LLC - Tesla Destination,104 E 32nd St,,New York,NY,10016,,877-798-3752,E,,Public,,,,2.0,,,Tesla Destination,https://www.tesla.com/destination-charging,200-8,40.745603,-73.98185,07/01/2024,114995,2025-02-12 00:16:32,P,,,02/10/2017,TESLA
ELEC,Icon Parking Independent - Tesla Destination,417 E 71st St,,New York,NY,10021,,877-798-3752,E,,Public,,,,3.0,,,Tesla Destination,https://www.tesla.com/destination-charging,200-8,40.766708,-73.955483,07/01/2024,115129,2025-02-12 00:16:32,P,,,08/30/2017,J1772 TESLA
ELEC,LGP L.G.P EV SPACE3,14 Harrison Pl,Second charger on the left after entering parking lot,Brooklyn,NY,11206,,888-758-4389,E,,Public,24 hours daily,,,2.0,,,ChargePoint Network,https://www.chargepoint.com,GPS,40.706018,-73.932885,04/04/2026,395816,2026-04-04 04:03:33,,,,05/17/2025,J1772
ELEC,Matcha Electric,140 58th St,,Brooklyn,NY,11220,,617-286-4722,E,,Public,24 hours daily,A ANDROID_PAY APPLE_PAY CREDIT D Debit M V,,2.0,,,MATCHA,https://www.matchaelectric.com,GPS,40.646,-74.024806,07/11/2024,346620,2025-02-12 00:16:32,P,,,05/15/2024,J1772
ELEC,1345 Parking Garage - Tesla Destination,1345 6th Ave,,New York,NY,10105,,877-798-3752,E,,Public,,,,3.0,,,Tesla Destination,https://www.tesla.com/destination-charging,GPS,40.76351,-73.979364,07/01/2024,115012,2025-02-12 00:16:32,P,,,12/07/2017,J1772 TESLA
ELEC,SP+MASTER STATION 2,140 West 51st Street,,New York,NY,10020,,888-758-4389,E,,Public,24 hours daily,,,2.0,,,ChargePoint Network,https://www.chargepoint.com,GPS,40.760734,-73.982296,04/04/2026,389546,2026-04-04 04:00:02,,,,04/08/2025,J1772
ELEC,170 FREEMAN 20,1032 Manhattan Ave,,Brooklyn,NY,11222,,888-758-4389,E,,Public,24 hours daily,,,1.0,,,ChargePoint Network,https://www.chargepoint.com,GPS,40.734121,-73.95451,04/04/2026,417632,2026-04-04 04:09:21,,,,08/07/2025,J1772
ELEC,iPark 34 N 7th Street 2 - Tesla Destination,34 N 7th St,,Brooklyn,NY,11249,,877-798-3752,E,,Public,,,,2.0,,,Tesla Destination,https://www.tesla.com/destination-charging,200-9,40.720708,-73.96231,07/01/2024,168539,2025-02-12 00:16:32,P,,,05/22/2018,TESLA
ELEC,Prestige Parking Corp,25 Sutton Place South,,New York,NY,10022,,888-998-2546,E,,Public,24 hours daily,,,2.0,,,Blink Network,https://blinkcharging.com,GPS,40.756519,-73.961074,04/04/2026,221322,2026-04-04 00:10:39,,,,06/15/2022,J1772
ELEC,MPG Parking,475 West 41st St,,New York,NY,10036,,888-998-2546,E,,Public,24 hours daily,,,2.0,,,Blink Network,https://blinkcharging.com,GPS,40.758967,-73.995189,04/04/2026,251159,2026-04-04 00:57:50,,,,07/27/2022,J1772
ELEC,G & M REALTY 2 STATION 4,22-44 Jackson Ave,Parking Garage,LIC,NY,11101,,888-758-4389,E,,Public,24 hours daily,,,2.0,,,ChargePoint Network,https://www.chargepoint.com,GPS,40.745344,-73.94618,04/04/2026,223835,2026-04-04 02:57:38,,,,07/21/2022,J1772
ELEC,SMJ WOODHAVEN SMJ WOODHAVE 15,85-01 68th Road,,queens,NY,11374,,888-758-4389,E,,Public,24 hours daily,,,1.0,,,ChargePoint Network,https://www.chargepoint.com,GPS,40.715396,-73.859251,04/04/2026,454050,2026-04-04 04:22:18,,,,03/13/2026,J1772
ELEC,200 Liberty,200 Liberty St,,New York,NY,10006,,833-692-6787,E,,Public - Credit card at all times,Contact station for hours of availability.,A ANDROID_PAY APPLE_PAY CREDIT D M,,2.0,,,AMPUP,https://ampup.io,200-8,40.710179,-74.013169,10/11/2022,229902,2023-02-14 15:54:11,P,,,09/15/2022,J1772
ELEC,900 8th Ave - Garage 1st and 2nd Floor,900 8th Ave,,New York,NY,10019,,813-492-5220,E,,Public,24 hours daily,A ANDROID_PAY APPLE_PAY D M V,,33.0,,,EVOKE,https://evokesystems.com,GPS,40.76416,-73.984372,09/12/2025,357118,2026-03-31 19:51:34,P,,,07/30/2022,J1772
ELEC,MPG 530 West 30th - Tesla Destination,530 W 30th,,New York,NY,10001,,877-798-3752,E,,Public,,,,3.0,,,Tesla Destination,https://www.tesla.com/destination-charging,200-9,40.75277,-74.00265,07/01/2024,115152,2025-02-12 00:16:32,P,,,05/24/2018,J1772 TESLA
ELEC,"The Ritz-Carlton Residences, Long Island - Tesla Destination",6000 Royal Court,,North Hills,NY,11040,,877-798-3752,E,,Public,,,,12.0,,,Tesla Destination,https://www.tesla.com/destination-charging,200-9,40.76978,-73.688118,07/01/2024,169195,2025-02-12 00:16:32,P,,,08/08/2016,J1772 TESLA
ELEC,HAMPTON INN STATION 2,1120 South Ave,Side of Hampton Inn & Suites,Staten Island,NY,10314,,888-758-4389,E,,Public,24 hours daily,,,2.0,,,ChargePoint Network,https://www.chargepoint.com,GPS,40.612688,-74.178948,04/04/2026,181662,2026-04-04 02:21:20,,,,01/27/2021,J1772
ELEC,1170 Ocean Ave - Garage,1170 Ocean Ave,,Brooklyn,NY,11230,,813-492-5220,E,,Public,24 hours daily,A ANDROID_PAY APPLE_PAY D M V,,8.0,,,EVOKE,https://evokesystems.com,GPS,40.633884,-73.958535,09/12/2025,356910,2026-03-31 19:51:34,P,,,10/20/2022,J1772
ELEC,New Tech Energy,800 Ocean Pkwy,,Brooklyn,NY,11230,,833-692-6787,E,,Public - Credit card at all times,Contact station for hours of availability.,A ANDROID_PAY APPLE_PAY CREDIT D M,,1.0,,,AMPUP,https://ampup.io,200-9,40.628872,-73.971992,10/11/2022,230231,2023-02-14 15:54:11,P,,,09/15/2022,J1772
ELEC,MPG 543 W 110th Street Garage - Tesla Destination,543 W 110th St,,New York,NY,10025,,877-798-3752,E,,Public,,,,3.0,,,Tesla Destination,https://www.tesla.com/destination-charging,200-9,40.803963,-73.966032,07/01/2024,115157,2025-02-12 00:16:32,P,,,03/21/2017,J1772 TESLA
ELEC,Icon Parking 111 8th Ave Parking - Tesla Destination,385 W 15th St,,New York,NY,10011,,877-798-3752,E,,Public,,,,4.0,,,Tesla Destination,https://www.tesla.com/destination-charging,200-8,40.741515,-74.004608,07/01/2024,115114,2025-02-12 00:16:32,P,,,01/24/2017,TESLA
ELEC,Icon Parking 155 E 29th Street - Tesla Destination,155 E 29th St,,New York,NY,10016,,877-798-3752,E,,Public,,,,3.0,,,Tesla Destination,https://www.tesla.com/destination-charging,200-9,40.742821,-73.980913,07/01/2024,115022,2025-02-12 00:16:32,P,,,04/30/2016,J1772 TESLA
ELEC,SWTCH Energy Inc.,10 Montieth St,,Brooklyn,NY,11206,,844-798-2438,E,,Public,24 hours daily,A D Debit M V,,10.0,,,SWTCH,https://swtchenergy.com,GPS,40.7012,-73.9357,02/12/2024,325993,2025-02-12 00:16:32,P,,,01/08/2024,J1772
ELEC,435 E. 55th St.,435 E. 55th St.,,New York,NY,10022,,833-611-5965,E,,Public,24 hours daily,,,4.0,,,VIALYNK,https://www.lynkwell.com,GPS,40.75657,-73.96226,04/04/2026,223256,2026-04-04 06:09:00,,,,02/07/2022,J1772
ELEC,351 E 51st St - Garage 1st Floor,351 E 51st St,,New York,NY,10022,,813-492-5220,E,,Public,24 hours daily,A ANDROID_PAY APPLE_PAY D M V,,10.0,,,EVOKE,https://evokesystems.com,GPS,40.75489,-73.966134,09/12/2025,357012,2026-03-31 19:51:34,P,,,01/08/2023,J1772
